WARNING: A terminally deprecated method in sun.misc.Unsafe has been called
WARNING: sun.misc.Unsafe::staticFieldBase has been called by com.google.inject.internal.aop.HiddenClassDefiner (file:/home/user/.m2/wrapper/dists/apache-maven-3.9.11/a2d47e15/lib/guice-5.1.0-classes.jar)
WARNING: Please consider reporting this to the maintainers of class com.google.inject.internal.aop.HiddenClassDefiner
WARNING: sun.misc.Unsafe::staticFieldBase will be removed in a future release
[INFO] Scanning for projects...
[INFO] 
[INFO] --------------------< com.sca:smart-campus-backend >--------------------
[INFO] Building smart-campus-backend 0.0.1-SNAPSHOT
[INFO]   from pom.xml
[INFO] --------------------------------[ jar ]---------------------------------
[INFO] 
[INFO] >>> spring-boot:3.4.12:run (default-cli) > test-compile @ smart-campus-backend >>>
[INFO] 
[INFO] --- resources:3.3.1:resources (default-resources) @ smart-campus-backend ---
[INFO] Copying 1 resource from src/main/resources to target/classes
[INFO] Copying 28 resources from src/main/resources to target/classes
[INFO] 
[INFO] --- compiler:3.13.0:compile (default-compile) @ smart-campus-backend ---
[INFO] Nothing to compile - all classes are up to date.
[INFO] 
[INFO] --- resources:3.3.1:testResources (default-testResources) @ smart-campus-backend ---
[INFO] skip non existing resourceDirectory /home/user/Desktop/IIITB/SEM3_IIITB/Java/project/smart-campus-backend/src/test/resources
[INFO] 
[INFO] --- compiler:3.13.0:testCompile (default-testCompile) @ smart-campus-backend ---
[INFO] Nothing to compile - all classes are up to date.
[INFO] 
[INFO] <<< spring-boot:3.4.12:run (default-cli) < test-compile @ smart-campus-backend <<<
[INFO] 
[INFO] 
[INFO] --- spring-boot:3.4.12:run (default-cli) @ smart-campus-backend ---
[INFO] Attaching agents: []

  .   ____          _            __ _ _
 /\\ / ___'_ __ _ _(_)_ __  __ _ \ \ \ \
( ( )\___ | '_ | '_| | '_ \/ _` | \ \ \ \
 \\/  ___)| |_)| | | | | || (_| |  ) ) ) )
  '  |____| .__|_| |_|_| |_\__, | / / / /
 =========|_|==============|___/=/_/_/_/

 :: Spring Boot ::               (v3.4.12)

2025-11-28T01:35:55.705+05:30  INFO 1807899 --- [  restartedMain] c.s.s.SmartCampusBackendApplication      : Starting SmartCampusBackendApplication using Java 25 with PID 1807899 (/home/user/Desktop/IIITB/SEM3_IIITB/Java/project/smart-campus-backend/target/classes started by user in /home/user/Desktop/IIITB/SEM3_IIITB/Java/project/smart-campus-backend)
2025-11-28T01:35:55.706+05:30  INFO 1807899 --- [  restartedMain] c.s.s.SmartCampusBackendApplication      : No active profile set, falling back to 1 default profile: "default"
2025-11-28T01:35:55.732+05:30  INFO 1807899 --- [  restartedMain] .e.DevToolsPropertyDefaultsPostProcessor : Devtools property defaults active! Set 'spring.devtools.add-properties' to 'false' to disable
2025-11-28T01:35:55.732+05:30  INFO 1807899 --- [  restartedMain] .e.DevToolsPropertyDefaultsPostProcessor : For additional web related logging consider setting the 'logging.level.web' property to 'DEBUG'
2025-11-28T01:35:56.112+05:30  INFO 1807899 --- [  restartedMain] .s.d.r.c.RepositoryConfigurationDelegate : Bootstrapping Spring Data JPA repositories in DEFAULT mode.
2025-11-28T01:35:56.158+05:30  INFO 1807899 --- [  restartedMain] .s.d.r.c.RepositoryConfigurationDelegate : Finished Spring Data repository scanning in 42 ms. Found 9 JPA repository interfaces.
2025-11-28T01:35:56.491+05:30  INFO 1807899 --- [  restartedMain] o.s.b.w.embedded.tomcat.TomcatWebServer  : Tomcat initialized with port 8080 (http)
2025-11-28T01:35:56.498+05:30  INFO 1807899 --- [  restartedMain] o.apache.catalina.core.StandardService   : Starting service [Tomcat]
2025-11-28T01:35:56.499+05:30  INFO 1807899 --- [  restartedMain] o.apache.catalina.core.StandardEngine    : Starting Servlet engine: [Apache Tomcat/10.1.49]
2025-11-28T01:35:56.514+05:30  INFO 1807899 --- [  restartedMain] o.a.c.c.C.[Tomcat].[localhost].[/]       : Initializing Spring embedded WebApplicationContext
2025-11-28T01:35:56.515+05:30  INFO 1807899 --- [  restartedMain] w.s.c.ServletWebServerApplicationContext : Root WebApplicationContext: initialization completed in 781 ms
2025-11-28T01:35:56.655+05:30  INFO 1807899 --- [  restartedMain] com.zaxxer.hikari.HikariDataSource       : HikariPool-1 - Starting...
2025-11-28T01:35:57.892+05:30  INFO 1807899 --- [  restartedMain] com.zaxxer.hikari.pool.HikariPool        : HikariPool-1 - Added connection com.mysql.cj.jdbc.ConnectionImpl@7cf96b39
2025-11-28T01:35:57.893+05:30  INFO 1807899 --- [  restartedMain] com.zaxxer.hikari.HikariDataSource       : HikariPool-1 - Start completed.
2025-11-28T01:35:58.050+05:30  INFO 1807899 --- [  restartedMain] org.flywaydb.core.FlywayExecutor         : Database: jdbc:mysql://smart-campus-db-smart-campus.k.aivencloud.com:15472/defaultdb?sslMode=REQUIRED (MySQL 8.0)
2025-11-28T01:35:58.809+05:30  INFO 1807899 --- [  restartedMain] o.f.core.internal.command.DbValidate     : Successfully validated 4 migrations (execution time 00:00.308s)
2025-11-28T01:35:59.401+05:30  INFO 1807899 --- [  restartedMain] o.f.core.internal.command.DbMigrate      : Current version of schema `defaultdb`: 4
2025-11-28T01:35:59.444+05:30  INFO 1807899 --- [  restartedMain] o.f.core.internal.command.DbMigrate      : Schema `defaultdb` is up to date. No migration necessary.
2025-11-28T01:35:59.796+05:30  INFO 1807899 --- [  restartedMain] o.hibernate.jpa.internal.util.LogHelper  : HHH000204: Processing PersistenceUnitInfo [name: default]
2025-11-28T01:35:59.815+05:30  INFO 1807899 --- [  restartedMain] org.hibernate.Version                    : HHH000412: Hibernate ORM core version 6.6.36.Final
2025-11-28T01:35:59.828+05:30  INFO 1807899 --- [  restartedMain] o.h.c.internal.RegionFactoryInitiator    : HHH000026: Second-level cache disabled
2025-11-28T01:35:59.941+05:30  INFO 1807899 --- [  restartedMain] o.s.o.j.p.SpringPersistenceUnitInfo      : No LoadTimeWeaver setup: ignoring JPA class transformer
2025-11-28T01:36:00.063+05:30  INFO 1807899 --- [  restartedMain] org.hibernate.orm.connections.pooling    : HHH10001005: Database info:
	Database JDBC URL [Connecting through datasource 'HikariDataSource (HikariPool-1)']
	Database driver: undefined/unknown
	Database version: 8.0.35
	Autocommit mode: undefined/unknown
	Isolation level: undefined/unknown
	Minimum pool size: undefined/unknown
	Maximum pool size: undefined/unknown
2025-11-28T01:36:00.530+05:30  INFO 1807899 --- [  restartedMain] o.h.e.t.j.p.i.JtaPlatformInitiator       : HHH000489: No JTA platform available (set 'hibernate.transaction.jta.platform' to enable JTA platform integration)
2025-11-28T01:36:00.679+05:30  INFO 1807899 --- [  restartedMain] j.LocalContainerEntityManagerFactoryBean : Initialized JPA EntityManagerFactory for persistence unit 'default'
2025-11-28T01:36:00.864+05:30  INFO 1807899 --- [  restartedMain] o.s.d.j.r.query.QueryEnhancerFactory     : Hibernate is in classpath; If applicable, HQL parser will be used.
2025-11-28T01:36:01.280+05:30  INFO 1807899 --- [  restartedMain] r$InitializeUserDetailsManagerConfigurer : Global AuthenticationManager configured with UserDetailsService bean with name customUserDetailsService
2025-11-28T01:36:01.612+05:30  INFO 1807899 --- [  restartedMain] o.s.b.d.a.OptionalLiveReloadServer       : LiveReload server is running on port 35729
2025-11-28T01:36:01.631+05:30  INFO 1807899 --- [  restartedMain] o.s.b.w.embedded.tomcat.TomcatWebServer  : Tomcat started on port 8080 (http) with context path '/'
2025-11-28T01:36:01.635+05:30  INFO 1807899 --- [  restartedMain] c.s.s.SmartCampusBackendApplication      : Started SmartCampusBackendApplication in 6.138 seconds (process running for 6.318)
2025-11-28T01:36:16.792+05:30  INFO 1807899 --- [nio-8080-exec-1] o.a.c.c.C.[Tomcat].[localhost].[/]       : Initializing Spring DispatcherServlet 'dispatcherServlet'
2025-11-28T01:36:16.792+05:30  INFO 1807899 --- [nio-8080-exec-1] o.s.web.servlet.DispatcherServlet        : Initializing Servlet 'dispatcherServlet'
2025-11-28T01:36:16.793+05:30  INFO 1807899 --- [nio-8080-exec-1] o.s.web.servlet.DispatcherServlet        : Completed initialization in 1 ms
Hibernate: select u1_0.id,u1_0.password,u1_0.role,u1_0.username from users u1_0 where u1_0.username=?
Hibernate: select u1_0.id,u1_0.password,u1_0.role,u1_0.username from users u1_0 where u1_0.username=?
Hibernate: select u1_0.id,u1_0.password,u1_0.role,u1_0.username from users u1_0 where u1_0.username=?
Hibernate: select co1_0.id,co1_0.capacity,co1_0.course_id,co1_0.created_at,co1_0.faculty_id,co1_0.section_code,co1_0.semester from course_offerings co1_0
Hibernate: select c1_0.id,c1_0.code,c1_0.created_at,c1_0.credits,c1_0.description,c1_0.title from courses c1_0 where c1_0.id=?
Hibernate: select f1_0.id,f1_0.created_at,f1_0.department,f1_0.email,f1_0.first_name,f1_0.is_active,f1_0.last_name,f1_0.phone,f1_0.updated_at from faculty f1_0 where f1_0.id=?
Hibernate: select count(se1_0.id) from student_enrollments se1_0 left join course_offerings o1_0 on o1_0.id=se1_0.offering_id where o1_0.id=? and se1_0.status=?
Hibernate: select f1_0.id,f1_0.created_at,f1_0.department,f1_0.email,f1_0.first_name,f1_0.is_active,f1_0.last_name,f1_0.phone,f1_0.updated_at from faculty f1_0 where f1_0.id=?
Hibernate: select count(se1_0.id) from student_enrollments se1_0 left join course_offerings o1_0 on o1_0.id=se1_0.offering_id where o1_0.id=? and se1_0.status=?
Hibernate: select c1_0.id,c1_0.code,c1_0.created_at,c1_0.credits,c1_0.description,c1_0.title from courses c1_0 where c1_0.id=?
Hibernate: select count(se1_0.id) from student_enrollments se1_0 left join course_offerings o1_0 on o1_0.id=se1_0.offering_id where o1_0.id=? and se1_0.status=?
Hibernate: select c1_0.id,c1_0.code,c1_0.created_at,c1_0.credits,c1_0.description,c1_0.title from courses c1_0 where c1_0.id=?
Hibernate: select count(se1_0.id) from student_enrollments se1_0 left join course_offerings o1_0 on o1_0.id=se1_0.offering_id where o1_0.id=? and se1_0.status=?
Hibernate: select f1_0.id,f1_0.created_at,f1_0.department,f1_0.email,f1_0.first_name,f1_0.is_active,f1_0.last_name,f1_0.phone,f1_0.updated_at from faculty f1_0 where f1_0.id=?
Hibernate: select count(se1_0.id) from student_enrollments se1_0 left join course_offerings o1_0 on o1_0.id=se1_0.offering_id where o1_0.id=? and se1_0.status=?
Hibernate: select c1_0.id,c1_0.code,c1_0.created_at,c1_0.credits,c1_0.description,c1_0.title from courses c1_0 where c1_0.id=?
Hibernate: select count(se1_0.id) from student_enrollments se1_0 left join course_offerings o1_0 on o1_0.id=se1_0.offering_id where o1_0.id=? and se1_0.status=?
Hibernate: select c1_0.id,c1_0.code,c1_0.created_at,c1_0.credits,c1_0.description,c1_0.title from courses c1_0 where c1_0.id=?
Hibernate: select f1_0.id,f1_0.created_at,f1_0.department,f1_0.email,f1_0.first_name,f1_0.is_active,f1_0.last_name,f1_0.phone,f1_0.updated_at from faculty f1_0 where f1_0.id=?
Hibernate: select count(se1_0.id) from student_enrollments se1_0 left join course_offerings o1_0 on o1_0.id=se1_0.offering_id where o1_0.id=? and se1_0.status=?
Hibernate: select f1_0.id,f1_0.created_at,f1_0.department,f1_0.email,f1_0.first_name,f1_0.is_active,f1_0.last_name,f1_0.phone,f1_0.updated_at from faculty f1_0 where f1_0.id=?
Hibernate: select count(se1_0.id) from student_enrollments se1_0 left join course_offerings o1_0 on o1_0.id=se1_0.offering_id where o1_0.id=? and se1_0.status=?
Hibernate: select c1_0.id,c1_0.code,c1_0.created_at,c1_0.credits,c1_0.description,c1_0.title from courses c1_0 where c1_0.id=?
Hibernate: select count(se1_0.id) from student_enrollments se1_0 left join course_offerings o1_0 on o1_0.id=se1_0.offering_id where o1_0.id=? and se1_0.status=?
Hibernate: select c1_0.id,c1_0.code,c1_0.created_at,c1_0.credits,c1_0.description,c1_0.title from courses c1_0 where c1_0.id=?
Hibernate: select f1_0.id,f1_0.created_at,f1_0.department,f1_0.email,f1_0.first_name,f1_0.is_active,f1_0.last_name,f1_0.phone,f1_0.updated_at from faculty f1_0 where f1_0.id=?
Hibernate: select count(se1_0.id) from student_enrollments se1_0 left join course_offerings o1_0 on o1_0.id=se1_0.offering_id where o1_0.id=? and se1_0.status=?
Hibernate: select c1_0.id,c1_0.code,c1_0.created_at,c1_0.credits,c1_0.description,c1_0.title from courses c1_0 where c1_0.id=?
Hibernate: select count(se1_0.id) from student_enrollments se1_0 left join course_offerings o1_0 on o1_0.id=se1_0.offering_id where o1_0.id=? and se1_0.status=?
2025-11-28T01:36:27.106+05:30 ERROR 1807899 --- [nio-8080-exec-8] org.thymeleaf.TemplateEngine             : [THYMELEAF][http-nio-8080-exec-8] Exception processing template "pages/enroll": An error happened during template parsing (template: "class path resource [templates/pages/enroll.html]")

org.thymeleaf.exceptions.TemplateInputException: An error happened during template parsing (template: "class path resource [templates/pages/enroll.html]")
	at org.thymeleaf.templateparser.markup.AbstractMarkupTemplateParser.parse(AbstractMarkupTemplateParser.java:241) ~[thymeleaf-3.1.3.RELEASE.jar:3.1.3.RELEASE]
	at org.thymeleaf.templateparser.markup.AbstractMarkupTemplateParser.parseStandalone(AbstractMarkupTemplateParser.java:100) ~[thymeleaf-3.1.3.RELEASE.jar:3.1.3.RELEASE]
	at org.thymeleaf.engine.TemplateManager.parseAndProcess(TemplateManager.java:666) ~[thymeleaf-3.1.3.RELEASE.jar:3.1.3.RELEASE]
	at org.thymeleaf.TemplateEngine.process(TemplateEngine.java:1103) ~[thymeleaf-3.1.3.RELEASE.jar:3.1.3.RELEASE]
	at org.thymeleaf.TemplateEngine.process(TemplateEngine.java:1077) ~[thymeleaf-3.1.3.RELEASE.jar:3.1.3.RELEASE]
	at org.thymeleaf.spring6.view.ThymeleafView.renderFragment(ThymeleafView.java:372) ~[thymeleaf-spring6-3.1.3.RELEASE.jar:3.1.3.RELEASE]
	at org.thymeleaf.spring6.view.ThymeleafView.render(ThymeleafView.java:192) ~[thymeleaf-spring6-3.1.3.RELEASE.jar:3.1.3.RELEASE]
	at org.springframework.web.servlet.DispatcherServlet.render(DispatcherServlet.java:1438) ~[spring-webmvc-6.2.14.jar:6.2.14]
	at org.springframework.web.servlet.DispatcherServlet.processDispatchResult(DispatcherServlet.java:1168) ~[spring-webmvc-6.2.14.jar:6.2.14]
	at org.springframework.web.servlet.DispatcherServlet.doDispatch(DispatcherServlet.java:1106) ~[spring-webmvc-6.2.14.jar:6.2.14]
	at org.springframework.web.servlet.DispatcherServlet.doService(DispatcherServlet.java:979) ~[spring-webmvc-6.2.14.jar:6.2.14]
	at org.springframework.web.servlet.FrameworkServlet.processRequest(FrameworkServlet.java:1014) ~[spring-webmvc-6.2.14.jar:6.2.14]
	at org.springframework.web.servlet.FrameworkServlet.doGet(FrameworkServlet.java:903) ~[spring-webmvc-6.2.14.jar:6.2.14]
	at jakarta.servlet.http.HttpServlet.service(HttpServlet.java:564) ~[tomcat-embed-core-10.1.49.jar:6.0]
	at org.springframework.web.servlet.FrameworkServlet.service(FrameworkServlet.java:885) ~[spring-webmvc-6.2.14.jar:6.2.14]
	at jakarta.servlet.http.HttpServlet.service(HttpServlet.java:658) ~[tomcat-embed-core-10.1.49.jar:6.0]
	at org.apache.catalina.core.ApplicationFilterChain.internalDoFilter(ApplicationFilterChain.java:193) ~[tomcat-embed-core-10.1.49.jar:10.1.49]
	at org.apache.catalina.core.ApplicationFilterChain.doFilter(ApplicationFilterChain.java:138) ~[tomcat-embed-core-10.1.49.jar:10.1.49]
	at org.apache.tomcat.websocket.server.WsFilter.doFilter(WsFilter.java:51) ~[tomcat-embed-websocket-10.1.49.jar:10.1.49]
	at org.apache.catalina.core.ApplicationFilterChain.internalDoFilter(ApplicationFilterChain.java:162) ~[tomcat-embed-core-10.1.49.jar:10.1.49]
	at org.apache.catalina.core.ApplicationFilterChain.doFilter(ApplicationFilterChain.java:138) ~[tomcat-embed-core-10.1.49.jar:10.1.49]
	at org.springframework.web.filter.CompositeFilter$VirtualFilterChain.doFilter(CompositeFilter.java:108) ~[spring-web-6.2.14.jar:6.2.14]
	at org.springframework.security.web.FilterChainProxy.lambda$doFilterInternal$3(FilterChainProxy.java:231) ~[spring-security-web-6.4.13.jar:6.4.13]
	at org.springframework.security.web.FilterChainProxy$VirtualFilterChain.doFilter(FilterChainProxy.java:365) ~[spring-security-web-6.4.13.jar:6.4.13]
	at org.springframework.security.web.access.intercept.AuthorizationFilter.doFilter(AuthorizationFilter.java:101) ~[spring-security-web-6.4.13.jar:6.4.13]
	at org.springframework.security.web.FilterChainProxy$VirtualFilterChain.doFilter(FilterChainProxy.java:374) ~[spring-security-web-6.4.13.jar:6.4.13]
	at org.springframework.security.web.access.ExceptionTranslationFilter.doFilter(ExceptionTranslationFilter.java:126) ~[spring-security-web-6.4.13.jar:6.4.13]
	at org.springframework.security.web.access.ExceptionTranslationFilter.doFilter(ExceptionTranslationFilter.java:120) ~[spring-security-web-6.4.13.jar:6.4.13]
	at org.springframework.security.web.FilterChainProxy$VirtualFilterChain.doFilter(FilterChainProxy.java:374) ~[spring-security-web-6.4.13.jar:6.4.13]
	at org.springframework.security.web.authentication.AnonymousAuthenticationFilter.doFilter(AnonymousAuthenticationFilter.java:100) ~[spring-security-web-6.4.13.jar:6.4.13]
	at org.springframework.security.web.FilterChainProxy$VirtualFilterChain.doFilter(FilterChainProxy.java:374) ~[spring-security-web-6.4.13.jar:6.4.13]
	at org.springframework.security.web.servletapi.SecurityContextHolderAwareRequestFilter.doFilter(SecurityContextHolderAwareRequestFilter.java:179) ~[spring-security-web-6.4.13.jar:6.4.13]
	at org.springframework.security.web.FilterChainProxy$VirtualFilterChain.doFilter(FilterChainProxy.java:374) ~[spring-security-web-6.4.13.jar:6.4.13]
	at org.springframework.security.web.savedrequest.RequestCacheAwareFilter.doFilter(RequestCacheAwareFilter.java:63) ~[spring-security-web-6.4.13.jar:6.4.13]
	at org.springframework.security.web.FilterChainProxy$VirtualFilterChain.doFilter(FilterChainProxy.java:374) ~[spring-security-web-6.4.13.jar:6.4.13]
	at org.springframework.security.web.authentication.AbstractAuthenticationProcessingFilter.doFilter(AbstractAuthenticationProcessingFilter.java:227) ~[spring-security-web-6.4.13.jar:6.4.13]
	at org.springframework.security.web.authentication.AbstractAuthenticationProcessingFilter.doFilter(AbstractAuthenticationProcessingFilter.java:221) ~[spring-security-web-6.4.13.jar:6.4.13]
	at org.springframework.security.web.FilterChainProxy$VirtualFilterChain.doFilter(FilterChainProxy.java:374) ~[spring-security-web-6.4.13.jar:6.4.13]
	at org.springframework.security.web.authentication.logout.LogoutFilter.doFilter(LogoutFilter.java:107) ~[spring-security-web-6.4.13.jar:6.4.13]
	at org.springframework.security.web.authentication.logout.LogoutFilter.doFilter(LogoutFilter.java:93) ~[spring-security-web-6.4.13.jar:6.4.13]
	at org.springframework.security.web.FilterChainProxy$VirtualFilterChain.doFilter(FilterChainProxy.java:374) ~[spring-security-web-6.4.13.jar:6.4.13]
	at org.springframework.security.web.csrf.CsrfFilter.doFilterInternal(CsrfFilter.java:117) ~[spring-security-web-6.4.13.jar:6.4.13]
	at org.springframework.web.filter.OncePerRequestFilter.doFilter(OncePerRequestFilter.java:116) ~[spring-web-6.2.14.jar:6.2.14]
	at org.springframework.security.web.FilterChainProxy$VirtualFilterChain.doFilter(FilterChainProxy.java:374) ~[spring-security-web-6.4.13.jar:6.4.13]
	at org.springframework.security.web.header.HeaderWriterFilter.doHeadersAfter(HeaderWriterFilter.java:90) ~[spring-security-web-6.4.13.jar:6.4.13]
	at org.springframework.security.web.header.HeaderWriterFilter.doFilterInternal(HeaderWriterFilter.java:75) ~[spring-security-web-6.4.13.jar:6.4.13]
	at org.springframework.web.filter.OncePerRequestFilter.doFilter(OncePerRequestFilter.java:116) ~[spring-web-6.2.14.jar:6.2.14]
	at org.springframework.security.web.FilterChainProxy$VirtualFilterChain.doFilter(FilterChainProxy.java:374) ~[spring-security-web-6.4.13.jar:6.4.13]
	at org.springframework.security.web.context.SecurityContextHolderFilter.doFilter(SecurityContextHolderFilter.java:82) ~[spring-security-web-6.4.13.jar:6.4.13]
	at org.springframework.security.web.context.SecurityContextHolderFilter.doFilter(SecurityContextHolderFilter.java:69) ~[spring-security-web-6.4.13.jar:6.4.13]
	at org.springframework.security.web.FilterChainProxy$VirtualFilterChain.doFilter(FilterChainProxy.java:374) ~[spring-security-web-6.4.13.jar:6.4.13]
	at org.springframework.security.web.context.request.async.WebAsyncManagerIntegrationFilter.doFilterInternal(WebAsyncManagerIntegrationFilter.java:62) ~[spring-security-web-6.4.13.jar:6.4.13]
	at org.springframework.web.filter.OncePerRequestFilter.doFilter(OncePerRequestFilter.java:116) ~[spring-web-6.2.14.jar:6.2.14]
	at org.springframework.security.web.FilterChainProxy$VirtualFilterChain.doFilter(FilterChainProxy.java:374) ~[spring-security-web-6.4.13.jar:6.4.13]
	at org.springframework.security.web.session.DisableEncodeUrlFilter.doFilterInternal(DisableEncodeUrlFilter.java:42) ~[spring-security-web-6.4.13.jar:6.4.13]
	at org.springframework.web.filter.OncePerRequestFilter.doFilter(OncePerRequestFilter.java:116) ~[spring-web-6.2.14.jar:6.2.14]
	at org.springframework.security.web.FilterChainProxy$VirtualFilterChain.doFilter(FilterChainProxy.java:374) ~[spring-security-web-6.4.13.jar:6.4.13]
	at org.springframework.security.web.FilterChainProxy.doFilterInternal(FilterChainProxy.java:233) ~[spring-security-web-6.4.13.jar:6.4.13]
	at org.springframework.security.web.FilterChainProxy.doFilter(FilterChainProxy.java:191) ~[spring-security-web-6.4.13.jar:6.4.13]
	at org.springframework.web.filter.CompositeFilter$VirtualFilterChain.doFilter(CompositeFilter.java:113) ~[spring-web-6.2.14.jar:6.2.14]
	at org.springframework.web.servlet.handler.HandlerMappingIntrospector.lambda$createCacheFilter$4(HandlerMappingIntrospector.java:267) ~[spring-webmvc-6.2.14.jar:6.2.14]
	at org.springframework.web.filter.CompositeFilter$VirtualFilterChain.doFilter(CompositeFilter.java:113) ~[spring-web-6.2.14.jar:6.2.14]
	at org.springframework.web.filter.CompositeFilter.doFilter(CompositeFilter.java:74) ~[spring-web-6.2.14.jar:6.2.14]
	at org.springframework.security.config.annotation.web.configuration.WebMvcSecurityConfiguration$CompositeFilterChainProxy.doFilter(WebMvcSecurityConfiguration.java:238) ~[spring-security-config-6.4.13.jar:6.4.13]
	at org.springframework.web.filter.DelegatingFilterProxy.invokeDelegate(DelegatingFilterProxy.java:362) ~[spring-web-6.2.14.jar:6.2.14]
	at org.springframework.web.filter.DelegatingFilterProxy.doFilter(DelegatingFilterProxy.java:278) ~[spring-web-6.2.14.jar:6.2.14]
	at org.apache.catalina.core.ApplicationFilterChain.internalDoFilter(ApplicationFilterChain.java:162) ~[tomcat-embed-core-10.1.49.jar:10.1.49]
	at org.apache.catalina.core.ApplicationFilterChain.doFilter(ApplicationFilterChain.java:138) ~[tomcat-embed-core-10.1.49.jar:10.1.49]
	at org.springframework.web.filter.RequestContextFilter.doFilterInternal(RequestContextFilter.java:100) ~[spring-web-6.2.14.jar:6.2.14]
	at org.springframework.web.filter.OncePerRequestFilter.doFilter(OncePerRequestFilter.java:116) ~[spring-web-6.2.14.jar:6.2.14]
	at org.apache.catalina.core.ApplicationFilterChain.internalDoFilter(ApplicationFilterChain.java:162) ~[tomcat-embed-core-10.1.49.jar:10.1.49]
	at org.apache.catalina.core.ApplicationFilterChain.doFilter(ApplicationFilterChain.java:138) ~[tomcat-embed-core-10.1.49.jar:10.1.49]
	at org.springframework.web.filter.FormContentFilter.doFilterInternal(FormContentFilter.java:93) ~[spring-web-6.2.14.jar:6.2.14]
	at org.springframework.web.filter.OncePerRequestFilter.doFilter(OncePerRequestFilter.java:116) ~[spring-web-6.2.14.jar:6.2.14]
	at org.apache.catalina.core.ApplicationFilterChain.internalDoFilter(ApplicationFilterChain.java:162) ~[tomcat-embed-core-10.1.49.jar:10.1.49]
	at org.apache.catalina.core.ApplicationFilterChain.doFilter(ApplicationFilterChain.java:138) ~[tomcat-embed-core-10.1.49.jar:10.1.49]
	at org.springframework.web.filter.CharacterEncodingFilter.doFilterInternal(CharacterEncodingFilter.java:201) ~[spring-web-6.2.14.jar:6.2.14]
	at org.springframework.web.filter.OncePerRequestFilter.doFilter(OncePerRequestFilter.java:116) ~[spring-web-6.2.14.jar:6.2.14]
	at org.apache.catalina.core.ApplicationFilterChain.internalDoFilter(ApplicationFilterChain.java:162) ~[tomcat-embed-core-10.1.49.jar:10.1.49]
	at org.apache.catalina.core.ApplicationFilterChain.doFilter(ApplicationFilterChain.java:138) ~[tomcat-embed-core-10.1.49.jar:10.1.49]
	at org.apache.catalina.core.StandardWrapperValve.invoke(StandardWrapperValve.java:165) ~[tomcat-embed-core-10.1.49.jar:10.1.49]
	at org.apache.catalina.core.StandardContextValve.invoke(StandardContextValve.java:88) ~[tomcat-embed-core-10.1.49.jar:10.1.49]
	at org.apache.catalina.authenticator.AuthenticatorBase.invoke(AuthenticatorBase.java:482) ~[tomcat-embed-core-10.1.49.jar:10.1.49]
	at org.apache.catalina.core.StandardHostValve.invoke(StandardHostValve.java:113) ~[tomcat-embed-core-10.1.49.jar:10.1.49]
	at org.apache.catalina.valves.ErrorReportValve.invoke(ErrorReportValve.java:83) ~[tomcat-embed-core-10.1.49.jar:10.1.49]
	at org.apache.catalina.core.StandardEngineValve.invoke(StandardEngineValve.java:72) ~[tomcat-embed-core-10.1.49.jar:10.1.49]
	at org.apache.catalina.connector.CoyoteAdapter.service(CoyoteAdapter.java:342) ~[tomcat-embed-core-10.1.49.jar:10.1.49]
	at org.apache.coyote.http11.Http11Processor.service(Http11Processor.java:399) ~[tomcat-embed-core-10.1.49.jar:10.1.49]
	at org.apache.coyote.AbstractProcessorLight.process(AbstractProcessorLight.java:63) ~[tomcat-embed-core-10.1.49.jar:10.1.49]
	at org.apache.coyote.AbstractProtocol$ConnectionHandler.process(AbstractProtocol.java:903) ~[tomcat-embed-core-10.1.49.jar:10.1.49]
	at org.apache.tomcat.util.net.NioEndpoint$SocketProcessor.doRun(NioEndpoint.java:1774) ~[tomcat-embed-core-10.1.49.jar:10.1.49]
	at org.apache.tomcat.util.net.SocketProcessorBase.run(SocketProcessorBase.java:52) ~[tomcat-embed-core-10.1.49.jar:10.1.49]
	at org.apache.tomcat.util.threads.ThreadPoolExecutor.runWorker(ThreadPoolExecutor.java:973) ~[tomcat-embed-core-10.1.49.jar:10.1.49]
	at org.apache.tomcat.util.threads.ThreadPoolExecutor$Worker.run(ThreadPoolExecutor.java:491) ~[tomcat-embed-core-10.1.49.jar:10.1.49]
	at org.apache.tomcat.util.threads.TaskThread$WrappingRunnable.run(TaskThread.java:63) ~[tomcat-embed-core-10.1.49.jar:10.1.49]
	at java.base/java.lang.Thread.run(Thread.java:1474) ~[na:na]
Caused by: org.attoparser.ParseException: Error resolving fragment: "~{'fragments/base' :: layout ('_arg0'=~{ :: main})}": template or fragment could not be resolved (template: "pages/enroll" - line 8, col 10)
	at org.attoparser.MarkupParser.parseDocument(MarkupParser.java:393) ~[attoparser-2.0.7.RELEASE.jar:2.0.7.RELEASE]
	at org.attoparser.MarkupParser.parse(MarkupParser.java:257) ~[attoparser-2.0.7.RELEASE.jar:2.0.7.RELEASE]
	at org.thymeleaf.templateparser.markup.AbstractMarkupTemplateParser.parse(AbstractMarkupTemplateParser.java:230) ~[thymeleaf-3.1.3.RELEASE.jar:3.1.3.RELEASE]
	... 95 common frames omitted
Caused by: org.thymeleaf.exceptions.TemplateInputException: Error resolving fragment: "~{'fragments/base' :: layout ('_arg0'=~{ :: main})}": template or fragment could not be resolved (template: "pages/enroll" - line 8, col 10)
	at org.thymeleaf.standard.expression.FragmentExpression.resolveExecutedFragmentExpression(FragmentExpression.java:598) ~[thymeleaf-3.1.3.RELEASE.jar:3.1.3.RELEASE]
	at org.thymeleaf.standard.processor.AbstractStandardFragmentInsertionTagProcessor.computeFragment(AbstractStandardFragmentInsertionTagProcessor.java:419) ~[thymeleaf-3.1.3.RELEASE.jar:3.1.3.RELEASE]
	at org.thymeleaf.standard.processor.AbstractStandardFragmentInsertionTagProcessor.doProcess(AbstractStandardFragmentInsertionTagProcessor.java:115) ~[thymeleaf-3.1.3.RELEASE.jar:3.1.3.RELEASE]
	at org.thymeleaf.processor.element.AbstractAttributeTagProcessor.doProcess(AbstractAttributeTagProcessor.java:74) ~[thymeleaf-3.1.3.RELEASE.jar:3.1.3.RELEASE]
	at org.thymeleaf.processor.element.AbstractElementTagProcessor.process(AbstractElementTagProcessor.java:95) ~[thymeleaf-3.1.3.RELEASE.jar:3.1.3.RELEASE]
	at org.thymeleaf.util.ProcessorConfigurationUtils$ElementTagProcessorWrapper.process(ProcessorConfigurationUtils.java:633) ~[thymeleaf-3.1.3.RELEASE.jar:3.1.3.RELEASE]
	at org.thymeleaf.engine.ProcessorTemplateHandler.handleOpenElement(ProcessorTemplateHandler.java:1314) ~[thymeleaf-3.1.3.RELEASE.jar:3.1.3.RELEASE]
	at org.thymeleaf.engine.TemplateHandlerAdapterMarkupHandler.handleOpenElementEnd(TemplateHandlerAdapterMarkupHandler.java:304) ~[thymeleaf-3.1.3.RELEASE.jar:3.1.3.RELEASE]
	at org.thymeleaf.templateparser.markup.InlinedOutputExpressionMarkupHandler$InlineMarkupAdapterPreProcessorHandler.handleOpenElementEnd(InlinedOutputExpressionMarkupHandler.java:278) ~[thymeleaf-3.1.3.RELEASE.jar:3.1.3.RELEASE]
	at org.thymeleaf.standard.inline.OutputExpressionInlinePreProcessorHandler.handleOpenElementEnd(OutputExpressionInlinePreProcessorHandler.java:186) ~[thymeleaf-3.1.3.RELEASE.jar:3.1.3.RELEASE]
	at org.thymeleaf.templateparser.markup.InlinedOutputExpressionMarkupHandler.handleOpenElementEnd(InlinedOutputExpressionMarkupHandler.java:124) ~[thymeleaf-3.1.3.RELEASE.jar:3.1.3.RELEASE]
	at org.attoparser.HtmlElement.handleOpenElementEnd(HtmlElement.java:109) ~[attoparser-2.0.7.RELEASE.jar:2.0.7.RELEASE]
	at org.attoparser.HtmlMarkupHandler.handleOpenElementEnd(HtmlMarkupHandler.java:297) ~[attoparser-2.0.7.RELEASE.jar:2.0.7.RELEASE]
	at org.attoparser.MarkupEventProcessorHandler.handleOpenElementEnd(MarkupEventProcessorHandler.java:402) ~[attoparser-2.0.7.RELEASE.jar:2.0.7.RELEASE]
	at org.attoparser.ParsingElementMarkupUtil.parseOpenElement(ParsingElementMarkupUtil.java:159) ~[attoparser-2.0.7.RELEASE.jar:2.0.7.RELEASE]
	at org.attoparser.MarkupParser.parseBuffer(MarkupParser.java:710) ~[attoparser-2.0.7.RELEASE.jar:2.0.7.RELEASE]
	at org.attoparser.MarkupParser.parseDocument(MarkupParser.java:301) ~[attoparser-2.0.7.RELEASE.jar:2.0.7.RELEASE]
	... 97 common frames omitted

2025-11-28T01:36:27.109+05:30 ERROR 1807899 --- [nio-8080-exec-8] o.a.c.c.C.[.[.[/].[dispatcherServlet]    : Servlet.service() for servlet [dispatcherServlet] in context with path [] threw exception [Request processing failed: org.thymeleaf.exceptions.TemplateInputException: An error happened during template parsing (template: "class path resource [templates/pages/enroll.html]")] with root cause

org.thymeleaf.exceptions.TemplateInputException: Error resolving fragment: "~{'fragments/base' :: layout ('_arg0'=~{ :: main})}": template or fragment could not be resolved (template: "pages/enroll" - line 8, col 10)
	at org.thymeleaf.standard.expression.FragmentExpression.resolveExecutedFragmentExpression(FragmentExpression.java:598) ~[thymeleaf-3.1.3.RELEASE.jar:3.1.3.RELEASE]
	at org.thymeleaf.standard.processor.AbstractStandardFragmentInsertionTagProcessor.computeFragment(AbstractStandardFragmentInsertionTagProcessor.java:419) ~[thymeleaf-3.1.3.RELEASE.jar:3.1.3.RELEASE]
	at org.thymeleaf.standard.processor.AbstractStandardFragmentInsertionTagProcessor.doProcess(AbstractStandardFragmentInsertionTagProcessor.java:115) ~[thymeleaf-3.1.3.RELEASE.jar:3.1.3.RELEASE]
	at org.thymeleaf.processor.element.AbstractAttributeTagProcessor.doProcess(AbstractAttributeTagProcessor.java:74) ~[thymeleaf-3.1.3.RELEASE.jar:3.1.3.RELEASE]
	at org.thymeleaf.processor.element.AbstractElementTagProcessor.process(AbstractElementTagProcessor.java:95) ~[thymeleaf-3.1.3.RELEASE.jar:3.1.3.RELEASE]
	at org.thymeleaf.util.ProcessorConfigurationUtils$ElementTagProcessorWrapper.process(ProcessorConfigurationUtils.java:633) ~[thymeleaf-3.1.3.RELEASE.jar:3.1.3.RELEASE]
	at org.thymeleaf.engine.ProcessorTemplateHandler.handleOpenElement(ProcessorTemplateHandler.java:1314) ~[thymeleaf-3.1.3.RELEASE.jar:3.1.3.RELEASE]
	at org.thymeleaf.engine.TemplateHandlerAdapterMarkupHandler.handleOpenElementEnd(TemplateHandlerAdapterMarkupHandler.java:304) ~[thymeleaf-3.1.3.RELEASE.jar:3.1.3.RELEASE]
	at org.thymeleaf.templateparser.markup.InlinedOutputExpressionMarkupHandler$InlineMarkupAdapterPreProcessorHandler.handleOpenElementEnd(InlinedOutputExpressionMarkupHandler.java:278) ~[thymeleaf-3.1.3.RELEASE.jar:3.1.3.RELEASE]
	at org.thymeleaf.standard.inline.OutputExpressionInlinePreProcessorHandler.handleOpenElementEnd(OutputExpressionInlinePreProcessorHandler.java:186) ~[thymeleaf-3.1.3.RELEASE.jar:3.1.3.RELEASE]
	at org.thymeleaf.templateparser.markup.InlinedOutputExpressionMarkupHandler.handleOpenElementEnd(InlinedOutputExpressionMarkupHandler.java:124) ~[thymeleaf-3.1.3.RELEASE.jar:3.1.3.RELEASE]
	at org.attoparser.HtmlElement.handleOpenElementEnd(HtmlElement.java:109) ~[attoparser-2.0.7.RELEASE.jar:2.0.7.RELEASE]
	at org.attoparser.HtmlMarkupHandler.handleOpenElementEnd(HtmlMarkupHandler.java:297) ~[attoparser-2.0.7.RELEASE.jar:2.0.7.RELEASE]
	at org.attoparser.MarkupEventProcessorHandler.handleOpenElementEnd(MarkupEventProcessorHandler.java:402) ~[attoparser-2.0.7.RELEASE.jar:2.0.7.RELEASE]
	at org.attoparser.ParsingElementMarkupUtil.parseOpenElement(ParsingElementMarkupUtil.java:159) ~[attoparser-2.0.7.RELEASE.jar:2.0.7.RELEASE]
	at org.attoparser.MarkupParser.parseBuffer(MarkupParser.java:710) ~[attoparser-2.0.7.RELEASE.jar:2.0.7.RELEASE]
	at org.attoparser.MarkupParser.parseDocument(MarkupParser.java:301) ~[attoparser-2.0.7.RELEASE.jar:2.0.7.RELEASE]
	at org.attoparser.MarkupParser.parse(MarkupParser.java:257) ~[attoparser-2.0.7.RELEASE.jar:2.0.7.RELEASE]
	at org.thymeleaf.templateparser.markup.AbstractMarkupTemplateParser.parse(AbstractMarkupTemplateParser.java:230) ~[thymeleaf-3.1.3.RELEASE.jar:3.1.3.RELEASE]
	at org.thymeleaf.templateparser.markup.AbstractMarkupTemplateParser.parseStandalone(AbstractMarkupTemplateParser.java:100) ~[thymeleaf-3.1.3.RELEASE.jar:3.1.3.RELEASE]
	at org.thymeleaf.engine.TemplateManager.parseAndProcess(TemplateManager.java:666) ~[thymeleaf-3.1.3.RELEASE.jar:3.1.3.RELEASE]
	at org.thymeleaf.TemplateEngine.process(TemplateEngine.java:1103) ~[thymeleaf-3.1.3.RELEASE.jar:3.1.3.RELEASE]
	at org.thymeleaf.TemplateEngine.process(TemplateEngine.java:1077) ~[thymeleaf-3.1.3.RELEASE.jar:3.1.3.RELEASE]
	at org.thymeleaf.spring6.view.ThymeleafView.renderFragment(ThymeleafView.java:372) ~[thymeleaf-spring6-3.1.3.RELEASE.jar:3.1.3.RELEASE]
	at org.thymeleaf.spring6.view.ThymeleafView.render(ThymeleafView.java:192) ~[thymeleaf-spring6-3.1.3.RELEASE.jar:3.1.3.RELEASE]
	at org.springframework.web.servlet.DispatcherServlet.render(DispatcherServlet.java:1438) ~[spring-webmvc-6.2.14.jar:6.2.14]
	at org.springframework.web.servlet.DispatcherServlet.processDispatchResult(DispatcherServlet.java:1168) ~[spring-webmvc-6.2.14.jar:6.2.14]
	at org.springframework.web.servlet.DispatcherServlet.doDispatch(DispatcherServlet.java:1106) ~[spring-webmvc-6.2.14.jar:6.2.14]
	at org.springframework.web.servlet.DispatcherServlet.doService(DispatcherServlet.java:979) ~[spring-webmvc-6.2.14.jar:6.2.14]
	at org.springframework.web.servlet.FrameworkServlet.processRequest(FrameworkServlet.java:1014) ~[spring-webmvc-6.2.14.jar:6.2.14]
	at org.springframework.web.servlet.FrameworkServlet.doGet(FrameworkServlet.java:903) ~[spring-webmvc-6.2.14.jar:6.2.14]
	at jakarta.servlet.http.HttpServlet.service(HttpServlet.java:564) ~[tomcat-embed-core-10.1.49.jar:6.0]
	at org.springframework.web.servlet.FrameworkServlet.service(FrameworkServlet.java:885) ~[spring-webmvc-6.2.14.jar:6.2.14]
	at jakarta.servlet.http.HttpServlet.service(HttpServlet.java:658) ~[tomcat-embed-core-10.1.49.jar:6.0]
	at org.apache.catalina.core.ApplicationFilterChain.internalDoFilter(ApplicationFilterChain.java:193) ~[tomcat-embed-core-10.1.49.jar:10.1.49]
	at org.apache.catalina.core.ApplicationFilterChain.doFilter(ApplicationFilterChain.java:138) ~[tomcat-embed-core-10.1.49.jar:10.1.49]
	at org.apache.tomcat.websocket.server.WsFilter.doFilter(WsFilter.java:51) ~[tomcat-embed-websocket-10.1.49.jar:10.1.49]
	at org.apache.catalina.core.ApplicationFilterChain.internalDoFilter(ApplicationFilterChain.java:162) ~[tomcat-embed-core-10.1.49.jar:10.1.49]
	at org.apache.catalina.core.ApplicationFilterChain.doFilter(ApplicationFilterChain.java:138) ~[tomcat-embed-core-10.1.49.jar:10.1.49]
	at org.springframework.web.filter.CompositeFilter$VirtualFilterChain.doFilter(CompositeFilter.java:108) ~[spring-web-6.2.14.jar:6.2.14]
	at org.springframework.security.web.FilterChainProxy.lambda$doFilterInternal$3(FilterChainProxy.java:231) ~[spring-security-web-6.4.13.jar:6.4.13]
	at org.springframework.security.web.FilterChainProxy$VirtualFilterChain.doFilter(FilterChainProxy.java:365) ~[spring-security-web-6.4.13.jar:6.4.13]
	at org.springframework.security.web.access.intercept.AuthorizationFilter.doFilter(AuthorizationFilter.java:101) ~[spring-security-web-6.4.13.jar:6.4.13]
	at org.springframework.security.web.FilterChainProxy$VirtualFilterChain.doFilter(FilterChainProxy.java:374) ~[spring-security-web-6.4.13.jar:6.4.13]
	at org.springframework.security.web.access.ExceptionTranslationFilter.doFilter(ExceptionTranslationFilter.java:126) ~[spring-security-web-6.4.13.jar:6.4.13]
	at org.springframework.security.web.access.ExceptionTranslationFilter.doFilter(ExceptionTranslationFilter.java:120) ~[spring-security-web-6.4.13.jar:6.4.13]
	at org.springframework.security.web.FilterChainProxy$VirtualFilterChain.doFilter(FilterChainProxy.java:374) ~[spring-security-web-6.4.13.jar:6.4.13]
	at org.springframework.security.web.authentication.AnonymousAuthenticationFilter.doFilter(AnonymousAuthenticationFilter.java:100) ~[spring-security-web-6.4.13.jar:6.4.13]
	at org.springframework.security.web.FilterChainProxy$VirtualFilterChain.doFilter(FilterChainProxy.java:374) ~[spring-security-web-6.4.13.jar:6.4.13]
	at org.springframework.security.web.servletapi.SecurityContextHolderAwareRequestFilter.doFilter(SecurityContextHolderAwareRequestFilter.java:179) ~[spring-security-web-6.4.13.jar:6.4.13]
	at org.springframework.security.web.FilterChainProxy$VirtualFilterChain.doFilter(FilterChainProxy.java:374) ~[spring-security-web-6.4.13.jar:6.4.13]
	at org.springframework.security.web.savedrequest.RequestCacheAwareFilter.doFilter(RequestCacheAwareFilter.java:63) ~[spring-security-web-6.4.13.jar:6.4.13]
	at org.springframework.security.web.FilterChainProxy$VirtualFilterChain.doFilter(FilterChainProxy.java:374) ~[spring-security-web-6.4.13.jar:6.4.13]
	at org.springframework.security.web.authentication.AbstractAuthenticationProcessingFilter.doFilter(AbstractAuthenticationProcessingFilter.java:227) ~[spring-security-web-6.4.13.jar:6.4.13]
	at org.springframework.security.web.authentication.AbstractAuthenticationProcessingFilter.doFilter(AbstractAuthenticationProcessingFilter.java:221) ~[spring-security-web-6.4.13.jar:6.4.13]
	at org.springframework.security.web.FilterChainProxy$VirtualFilterChain.doFilter(FilterChainProxy.java:374) ~[spring-security-web-6.4.13.jar:6.4.13]
	at org.springframework.security.web.authentication.logout.LogoutFilter.doFilter(LogoutFilter.java:107) ~[spring-security-web-6.4.13.jar:6.4.13]
	at org.springframework.security.web.authentication.logout.LogoutFilter.doFilter(LogoutFilter.java:93) ~[spring-security-web-6.4.13.jar:6.4.13]
	at org.springframework.security.web.FilterChainProxy$VirtualFilterChain.doFilter(FilterChainProxy.java:374) ~[spring-security-web-6.4.13.jar:6.4.13]
	at org.springframework.security.web.csrf.CsrfFilter.doFilterInternal(CsrfFilter.java:117) ~[spring-security-web-6.4.13.jar:6.4.13]
	at org.springframework.web.filter.OncePerRequestFilter.doFilter(OncePerRequestFilter.java:116) ~[spring-web-6.2.14.jar:6.2.14]
	at org.springframework.security.web.FilterChainProxy$VirtualFilterChain.doFilter(FilterChainProxy.java:374) ~[spring-security-web-6.4.13.jar:6.4.13]
	at org.springframework.security.web.header.HeaderWriterFilter.doHeadersAfter(HeaderWriterFilter.java:90) ~[spring-security-web-6.4.13.jar:6.4.13]
	at org.springframework.security.web.header.HeaderWriterFilter.doFilterInternal(HeaderWriterFilter.java:75) ~[spring-security-web-6.4.13.jar:6.4.13]
	at org.springframework.web.filter.OncePerRequestFilter.doFilter(OncePerRequestFilter.java:116) ~[spring-web-6.2.14.jar:6.2.14]
	at org.springframework.security.web.FilterChainProxy$VirtualFilterChain.doFilter(FilterChainProxy.java:374) ~[spring-security-web-6.4.13.jar:6.4.13]
	at org.springframework.security.web.context.SecurityContextHolderFilter.doFilter(SecurityContextHolderFilter.java:82) ~[spring-security-web-6.4.13.jar:6.4.13]
	at org.springframework.security.web.context.SecurityContextHolderFilter.doFilter(SecurityContextHolderFilter.java:69) ~[spring-security-web-6.4.13.jar:6.4.13]
	at org.springframework.security.web.FilterChainProxy$VirtualFilterChain.doFilter(FilterChainProxy.java:374) ~[spring-security-web-6.4.13.jar:6.4.13]
	at org.springframework.security.web.context.request.async.WebAsyncManagerIntegrationFilter.doFilterInternal(WebAsyncManagerIntegrationFilter.java:62) ~[spring-security-web-6.4.13.jar:6.4.13]
	at org.springframework.web.filter.OncePerRequestFilter.doFilter(OncePerRequestFilter.java:116) ~[spring-web-6.2.14.jar:6.2.14]
	at org.springframework.security.web.FilterChainProxy$VirtualFilterChain.doFilter(FilterChainProxy.java:374) ~[spring-security-web-6.4.13.jar:6.4.13]
	at org.springframework.security.web.session.DisableEncodeUrlFilter.doFilterInternal(DisableEncodeUrlFilter.java:42) ~[spring-security-web-6.4.13.jar:6.4.13]
	at org.springframework.web.filter.OncePerRequestFilter.doFilter(OncePerRequestFilter.java:116) ~[spring-web-6.2.14.jar:6.2.14]
	at org.springframework.security.web.FilterChainProxy$VirtualFilterChain.doFilter(FilterChainProxy.java:374) ~[spring-security-web-6.4.13.jar:6.4.13]
	at org.springframework.security.web.FilterChainProxy.doFilterInternal(FilterChainProxy.java:233) ~[spring-security-web-6.4.13.jar:6.4.13]
	at org.springframework.security.web.FilterChainProxy.doFilter(FilterChainProxy.java:191) ~[spring-security-web-6.4.13.jar:6.4.13]
	at org.springframework.web.filter.CompositeFilter$VirtualFilterChain.doFilter(CompositeFilter.java:113) ~[spring-web-6.2.14.jar:6.2.14]
	at org.springframework.web.servlet.handler.HandlerMappingIntrospector.lambda$createCacheFilter$4(HandlerMappingIntrospector.java:267) ~[spring-webmvc-6.2.14.jar:6.2.14]
	at org.springframework.web.filter.CompositeFilter$VirtualFilterChain.doFilter(CompositeFilter.java:113) ~[spring-web-6.2.14.jar:6.2.14]
	at org.springframework.web.filter.CompositeFilter.doFilter(CompositeFilter.java:74) ~[spring-web-6.2.14.jar:6.2.14]
	at org.springframework.security.config.annotation.web.configuration.WebMvcSecurityConfiguration$CompositeFilterChainProxy.doFilter(WebMvcSecurityConfiguration.java:238) ~[spring-security-config-6.4.13.jar:6.4.13]
	at org.springframework.web.filter.DelegatingFilterProxy.invokeDelegate(DelegatingFilterProxy.java:362) ~[spring-web-6.2.14.jar:6.2.14]
	at org.springframework.web.filter.DelegatingFilterProxy.doFilter(DelegatingFilterProxy.java:278) ~[spring-web-6.2.14.jar:6.2.14]
	at org.apache.catalina.core.ApplicationFilterChain.internalDoFilter(ApplicationFilterChain.java:162) ~[tomcat-embed-core-10.1.49.jar:10.1.49]
	at org.apache.catalina.core.ApplicationFilterChain.doFilter(ApplicationFilterChain.java:138) ~[tomcat-embed-core-10.1.49.jar:10.1.49]
	at org.springframework.web.filter.RequestContextFilter.doFilterInternal(RequestContextFilter.java:100) ~[spring-web-6.2.14.jar:6.2.14]
	at org.springframework.web.filter.OncePerRequestFilter.doFilter(OncePerRequestFilter.java:116) ~[spring-web-6.2.14.jar:6.2.14]
	at org.apache.catalina.core.ApplicationFilterChain.internalDoFilter(ApplicationFilterChain.java:162) ~[tomcat-embed-core-10.1.49.jar:10.1.49]
	at org.apache.catalina.core.ApplicationFilterChain.doFilter(ApplicationFilterChain.java:138) ~[tomcat-embed-core-10.1.49.jar:10.1.49]
	at org.springframework.web.filter.FormContentFilter.doFilterInternal(FormContentFilter.java:93) ~[spring-web-6.2.14.jar:6.2.14]
	at org.springframework.web.filter.OncePerRequestFilter.doFilter(OncePerRequestFilter.java:116) ~[spring-web-6.2.14.jar:6.2.14]
	at org.apache.catalina.core.ApplicationFilterChain.internalDoFilter(ApplicationFilterChain.java:162) ~[tomcat-embed-core-10.1.49.jar:10.1.49]
	at org.apache.catalina.core.ApplicationFilterChain.doFilter(ApplicationFilterChain.java:138) ~[tomcat-embed-core-10.1.49.jar:10.1.49]
	at org.springframework.web.filter.CharacterEncodingFilter.doFilterInternal(CharacterEncodingFilter.java:201) ~[spring-web-6.2.14.jar:6.2.14]
	at org.springframework.web.filter.OncePerRequestFilter.doFilter(OncePerRequestFilter.java:116) ~[spring-web-6.2.14.jar:6.2.14]
	at org.apache.catalina.core.ApplicationFilterChain.internalDoFilter(ApplicationFilterChain.java:162) ~[tomcat-embed-core-10.1.49.jar:10.1.49]
	at org.apache.catalina.core.ApplicationFilterChain.doFilter(ApplicationFilterChain.java:138) ~[tomcat-embed-core-10.1.49.jar:10.1.49]
	at org.apache.catalina.core.StandardWrapperValve.invoke(StandardWrapperValve.java:165) ~[tomcat-embed-core-10.1.49.jar:10.1.49]
	at org.apache.catalina.core.StandardContextValve.invoke(StandardContextValve.java:88) ~[tomcat-embed-core-10.1.49.jar:10.1.49]
	at org.apache.catalina.authenticator.AuthenticatorBase.invoke(AuthenticatorBase.java:482) ~[tomcat-embed-core-10.1.49.jar:10.1.49]
	at org.apache.catalina.core.StandardHostValve.invoke(StandardHostValve.java:113) ~[tomcat-embed-core-10.1.49.jar:10.1.49]
	at org.apache.catalina.valves.ErrorReportValve.invoke(ErrorReportValve.java:83) ~[tomcat-embed-core-10.1.49.jar:10.1.49]
	at org.apache.catalina.core.StandardEngineValve.invoke(StandardEngineValve.java:72) ~[tomcat-embed-core-10.1.49.jar:10.1.49]
	at org.apache.catalina.connector.CoyoteAdapter.service(CoyoteAdapter.java:342) ~[tomcat-embed-core-10.1.49.jar:10.1.49]
	at org.apache.coyote.http11.Http11Processor.service(Http11Processor.java:399) ~[tomcat-embed-core-10.1.49.jar:10.1.49]
	at org.apache.coyote.AbstractProcessorLight.process(AbstractProcessorLight.java:63) ~[tomcat-embed-core-10.1.49.jar:10.1.49]
	at org.apache.coyote.AbstractProtocol$ConnectionHandler.process(AbstractProtocol.java:903) ~[tomcat-embed-core-10.1.49.jar:10.1.49]
	at org.apache.tomcat.util.net.NioEndpoint$SocketProcessor.doRun(NioEndpoint.java:1774) ~[tomcat-embed-core-10.1.49.jar:10.1.49]
	at org.apache.tomcat.util.net.SocketProcessorBase.run(SocketProcessorBase.java:52) ~[tomcat-embed-core-10.1.49.jar:10.1.49]
	at org.apache.tomcat.util.threads.ThreadPoolExecutor.runWorker(ThreadPoolExecutor.java:973) ~[tomcat-embed-core-10.1.49.jar:10.1.49]
	at org.apache.tomcat.util.threads.ThreadPoolExecutor$Worker.run(ThreadPoolExecutor.java:491) ~[tomcat-embed-core-10.1.49.jar:10.1.49]
	at org.apache.tomcat.util.threads.TaskThread$WrappingRunnable.run(TaskThread.java:63) ~[tomcat-embed-core-10.1.49.jar:10.1.49]
	at java.base/java.lang.Thread.run(Thread.java:1474) ~[na:na]

Hibernate: select u1_0.id,u1_0.password,u1_0.role,u1_0.username from users u1_0 where u1_0.username=?
Hibernate: select co1_0.id,co1_0.capacity,co1_0.course_id,co1_0.created_at,co1_0.faculty_id,co1_0.section_code,co1_0.semester from course_offerings co1_0
Hibernate: select c1_0.id,c1_0.code,c1_0.created_at,c1_0.credits,c1_0.description,c1_0.title from courses c1_0 where c1_0.id=?
Hibernate: select f1_0.id,f1_0.created_at,f1_0.department,f1_0.email,f1_0.first_name,f1_0.is_active,f1_0.last_name,f1_0.phone,f1_0.updated_at from faculty f1_0 where f1_0.id=?
Hibernate: select count(se1_0.id) from student_enrollments se1_0 left join course_offerings o1_0 on o1_0.id=se1_0.offering_id where o1_0.id=? and se1_0.status=?
Hibernate: select f1_0.id,f1_0.created_at,f1_0.department,f1_0.email,f1_0.first_name,f1_0.is_active,f1_0.last_name,f1_0.phone,f1_0.updated_at from faculty f1_0 where f1_0.id=?
Hibernate: select count(se1_0.id) from student_enrollments se1_0 left join course_offerings o1_0 on o1_0.id=se1_0.offering_id where o1_0.id=? and se1_0.status=?
Hibernate: select c1_0.id,c1_0.code,c1_0.created_at,c1_0.credits,c1_0.description,c1_0.title from courses c1_0 where c1_0.id=?
Hibernate: select count(se1_0.id) from student_enrollments se1_0 left join course_offerings o1_0 on o1_0.id=se1_0.offering_id where o1_0.id=? and se1_0.status=?
Hibernate: select c1_0.id,c1_0.code,c1_0.created_at,c1_0.credits,c1_0.description,c1_0.title from courses c1_0 where c1_0.id=?
Hibernate: select count(se1_0.id) from student_enrollments se1_0 left join course_offerings o1_0 on o1_0.id=se1_0.offering_id where o1_0.id=? and se1_0.status=?
Hibernate: select f1_0.id,f1_0.created_at,f1_0.department,f1_0.email,f1_0.first_name,f1_0.is_active,f1_0.last_name,f1_0.phone,f1_0.updated_at from faculty f1_0 where f1_0.id=?
Hibernate: select count(se1_0.id) from student_enrollments se1_0 left join course_offerings o1_0 on o1_0.id=se1_0.offering_id where o1_0.id=? and se1_0.status=?
Hibernate: select c1_0.id,c1_0.code,c1_0.created_at,c1_0.credits,c1_0.description,c1_0.title from courses c1_0 where c1_0.id=?
Hibernate: select count(se1_0.id) from student_enrollments se1_0 left join course_offerings o1_0 on o1_0.id=se1_0.offering_id where o1_0.id=? and se1_0.status=?
Hibernate: select c1_0.id,c1_0.code,c1_0.created_at,c1_0.credits,c1_0.description,c1_0.title from courses c1_0 where c1_0.id=?
Hibernate: select f1_0.id,f1_0.created_at,f1_0.department,f1_0.email,f1_0.first_name,f1_0.is_active,f1_0.last_name,f1_0.phone,f1_0.updated_at from faculty f1_0 where f1_0.id=?
Hibernate: select count(se1_0.id) from student_enrollments se1_0 left join course_offerings o1_0 on o1_0.id=se1_0.offering_id where o1_0.id=? and se1_0.status=?
Hibernate: select f1_0.id,f1_0.created_at,f1_0.department,f1_0.email,f1_0.first_name,f1_0.is_active,f1_0.last_name,f1_0.phone,f1_0.updated_at from faculty f1_0 where f1_0.id=?
Hibernate: select count(se1_0.id) from student_enrollments se1_0 left join course_offerings o1_0 on o1_0.id=se1_0.offering_id where o1_0.id=? and se1_0.status=?
Hibernate: select c1_0.id,c1_0.code,c1_0.created_at,c1_0.credits,c1_0.description,c1_0.title from courses c1_0 where c1_0.id=?
Hibernate: select count(se1_0.id) from student_enrollments se1_0 left join course_offerings o1_0 on o1_0.id=se1_0.offering_id where o1_0.id=? and se1_0.status=?
Hibernate: select c1_0.id,c1_0.code,c1_0.created_at,c1_0.credits,c1_0.description,c1_0.title from courses c1_0 where c1_0.id=?
Hibernate: select f1_0.id,f1_0.created_at,f1_0.department,f1_0.email,f1_0.first_name,f1_0.is_active,f1_0.last_name,f1_0.phone,f1_0.updated_at from faculty f1_0 where f1_0.id=?
Hibernate: select count(se1_0.id) from student_enrollments se1_0 left join course_offerings o1_0 on o1_0.id=se1_0.offering_id where o1_0.id=? and se1_0.status=?
Hibernate: select c1_0.id,c1_0.code,c1_0.created_at,c1_0.credits,c1_0.description,c1_0.title from courses c1_0 where c1_0.id=?
Hibernate: select count(se1_0.id) from student_enrollments se1_0 left join course_offerings o1_0 on o1_0.id=se1_0.offering_id where o1_0.id=? and se1_0.status=?
2025-11-28T01:36:55.736+05:30 ERROR 1807899 --- [nio-8080-exec-9] org.thymeleaf.TemplateEngine             : [THYMELEAF][http-nio-8080-exec-9] Exception processing template "pages/enroll": An error happened during template parsing (template: "class path resource [templates/pages/enroll.html]")

org.thymeleaf.exceptions.TemplateInputException: An error happened during template parsing (template: "class path resource [templates/pages/enroll.html]")
	at org.thymeleaf.templateparser.markup.AbstractMarkupTemplateParser.parse(AbstractMarkupTemplateParser.java:241) ~[thymeleaf-3.1.3.RELEASE.jar:3.1.3.RELEASE]
	at org.thymeleaf.templateparser.markup.AbstractMarkupTemplateParser.parseStandalone(AbstractMarkupTemplateParser.java:100) ~[thymeleaf-3.1.3.RELEASE.jar:3.1.3.RELEASE]
	at org.thymeleaf.engine.TemplateManager.parseAndProcess(TemplateManager.java:666) ~[thymeleaf-3.1.3.RELEASE.jar:3.1.3.RELEASE]
	at org.thymeleaf.TemplateEngine.process(TemplateEngine.java:1103) ~[thymeleaf-3.1.3.RELEASE.jar:3.1.3.RELEASE]
	at org.thymeleaf.TemplateEngine.process(TemplateEngine.java:1077) ~[thymeleaf-3.1.3.RELEASE.jar:3.1.3.RELEASE]
	at org.thymeleaf.spring6.view.ThymeleafView.renderFragment(ThymeleafView.java:372) ~[thymeleaf-spring6-3.1.3.RELEASE.jar:3.1.3.RELEASE]
	at org.thymeleaf.spring6.view.ThymeleafView.render(ThymeleafView.java:192) ~[thymeleaf-spring6-3.1.3.RELEASE.jar:3.1.3.RELEASE]
	at org.springframework.web.servlet.DispatcherServlet.render(DispatcherServlet.java:1438) ~[spring-webmvc-6.2.14.jar:6.2.14]
	at org.springframework.web.servlet.DispatcherServlet.processDispatchResult(DispatcherServlet.java:1168) ~[spring-webmvc-6.2.14.jar:6.2.14]
	at org.springframework.web.servlet.DispatcherServlet.doDispatch(DispatcherServlet.java:1106) ~[spring-webmvc-6.2.14.jar:6.2.14]
	at org.springframework.web.servlet.DispatcherServlet.doService(DispatcherServlet.java:979) ~[spring-webmvc-6.2.14.jar:6.2.14]
	at org.springframework.web.servlet.FrameworkServlet.processRequest(FrameworkServlet.java:1014) ~[spring-webmvc-6.2.14.jar:6.2.14]
	at org.springframework.web.servlet.FrameworkServlet.doGet(FrameworkServlet.java:903) ~[spring-webmvc-6.2.14.jar:6.2.14]
	at jakarta.servlet.http.HttpServlet.service(HttpServlet.java:564) ~[tomcat-embed-core-10.1.49.jar:6.0]
	at org.springframework.web.servlet.FrameworkServlet.service(FrameworkServlet.java:885) ~[spring-webmvc-6.2.14.jar:6.2.14]
	at jakarta.servlet.http.HttpServlet.service(HttpServlet.java:658) ~[tomcat-embed-core-10.1.49.jar:6.0]
	at org.apache.catalina.core.ApplicationFilterChain.internalDoFilter(ApplicationFilterChain.java:193) ~[tomcat-embed-core-10.1.49.jar:10.1.49]
	at org.apache.catalina.core.ApplicationFilterChain.doFilter(ApplicationFilterChain.java:138) ~[tomcat-embed-core-10.1.49.jar:10.1.49]
	at org.apache.tomcat.websocket.server.WsFilter.doFilter(WsFilter.java:51) ~[tomcat-embed-websocket-10.1.49.jar:10.1.49]
	at org.apache.catalina.core.ApplicationFilterChain.internalDoFilter(ApplicationFilterChain.java:162) ~[tomcat-embed-core-10.1.49.jar:10.1.49]
	at org.apache.catalina.core.ApplicationFilterChain.doFilter(ApplicationFilterChain.java:138) ~[tomcat-embed-core-10.1.49.jar:10.1.49]
	at org.springframework.web.filter.CompositeFilter$VirtualFilterChain.doFilter(CompositeFilter.java:108) ~[spring-web-6.2.14.jar:6.2.14]
	at org.springframework.security.web.FilterChainProxy.lambda$doFilterInternal$3(FilterChainProxy.java:231) ~[spring-security-web-6.4.13.jar:6.4.13]
	at org.springframework.security.web.FilterChainProxy$VirtualFilterChain.doFilter(FilterChainProxy.java:365) ~[spring-security-web-6.4.13.jar:6.4.13]
	at org.springframework.security.web.access.intercept.AuthorizationFilter.doFilter(AuthorizationFilter.java:101) ~[spring-security-web-6.4.13.jar:6.4.13]
	at org.springframework.security.web.FilterChainProxy$VirtualFilterChain.doFilter(FilterChainProxy.java:374) ~[spring-security-web-6.4.13.jar:6.4.13]
	at org.springframework.security.web.access.ExceptionTranslationFilter.doFilter(ExceptionTranslationFilter.java:126) ~[spring-security-web-6.4.13.jar:6.4.13]
	at org.springframework.security.web.access.ExceptionTranslationFilter.doFilter(ExceptionTranslationFilter.java:120) ~[spring-security-web-6.4.13.jar:6.4.13]
	at org.springframework.security.web.FilterChainProxy$VirtualFilterChain.doFilter(FilterChainProxy.java:374) ~[spring-security-web-6.4.13.jar:6.4.13]
	at org.springframework.security.web.authentication.AnonymousAuthenticationFilter.doFilter(AnonymousAuthenticationFilter.java:100) ~[spring-security-web-6.4.13.jar:6.4.13]
	at org.springframework.security.web.FilterChainProxy$VirtualFilterChain.doFilter(FilterChainProxy.java:374) ~[spring-security-web-6.4.13.jar:6.4.13]
	at org.springframework.security.web.servletapi.SecurityContextHolderAwareRequestFilter.doFilter(SecurityContextHolderAwareRequestFilter.java:179) ~[spring-security-web-6.4.13.jar:6.4.13]
	at org.springframework.security.web.FilterChainProxy$VirtualFilterChain.doFilter(FilterChainProxy.java:374) ~[spring-security-web-6.4.13.jar:6.4.13]
	at org.springframework.security.web.savedrequest.RequestCacheAwareFilter.doFilter(RequestCacheAwareFilter.java:63) ~[spring-security-web-6.4.13.jar:6.4.13]
	at org.springframework.security.web.FilterChainProxy$VirtualFilterChain.doFilter(FilterChainProxy.java:374) ~[spring-security-web-6.4.13.jar:6.4.13]
	at org.springframework.security.web.authentication.AbstractAuthenticationProcessingFilter.doFilter(AbstractAuthenticationProcessingFilter.java:227) ~[spring-security-web-6.4.13.jar:6.4.13]
	at org.springframework.security.web.authentication.AbstractAuthenticationProcessingFilter.doFilter(AbstractAuthenticationProcessingFilter.java:221) ~[spring-security-web-6.4.13.jar:6.4.13]
	at org.springframework.security.web.FilterChainProxy$VirtualFilterChain.doFilter(FilterChainProxy.java:374) ~[spring-security-web-6.4.13.jar:6.4.13]
	at org.springframework.security.web.authentication.logout.LogoutFilter.doFilter(LogoutFilter.java:107) ~[spring-security-web-6.4.13.jar:6.4.13]
	at org.springframework.security.web.authentication.logout.LogoutFilter.doFilter(LogoutFilter.java:93) ~[spring-security-web-6.4.13.jar:6.4.13]
	at org.springframework.security.web.FilterChainProxy$VirtualFilterChain.doFilter(FilterChainProxy.java:374) ~[spring-security-web-6.4.13.jar:6.4.13]
	at org.springframework.security.web.csrf.CsrfFilter.doFilterInternal(CsrfFilter.java:117) ~[spring-security-web-6.4.13.jar:6.4.13]
	at org.springframework.web.filter.OncePerRequestFilter.doFilter(OncePerRequestFilter.java:116) ~[spring-web-6.2.14.jar:6.2.14]
	at org.springframework.security.web.FilterChainProxy$VirtualFilterChain.doFilter(FilterChainProxy.java:374) ~[spring-security-web-6.4.13.jar:6.4.13]
	at org.springframework.security.web.header.HeaderWriterFilter.doHeadersAfter(HeaderWriterFilter.java:90) ~[spring-security-web-6.4.13.jar:6.4.13]
	at org.springframework.security.web.header.HeaderWriterFilter.doFilterInternal(HeaderWriterFilter.java:75) ~[spring-security-web-6.4.13.jar:6.4.13]
	at org.springframework.web.filter.OncePerRequestFilter.doFilter(OncePerRequestFilter.java:116) ~[spring-web-6.2.14.jar:6.2.14]
	at org.springframework.security.web.FilterChainProxy$VirtualFilterChain.doFilter(FilterChainProxy.java:374) ~[spring-security-web-6.4.13.jar:6.4.13]
	at org.springframework.security.web.context.SecurityContextHolderFilter.doFilter(SecurityContextHolderFilter.java:82) ~[spring-security-web-6.4.13.jar:6.4.13]
	at org.springframework.security.web.context.SecurityContextHolderFilter.doFilter(SecurityContextHolderFilter.java:69) ~[spring-security-web-6.4.13.jar:6.4.13]
	at org.springframework.security.web.FilterChainProxy$VirtualFilterChain.doFilter(FilterChainProxy.java:374) ~[spring-security-web-6.4.13.jar:6.4.13]
	at org.springframework.security.web.context.request.async.WebAsyncManagerIntegrationFilter.doFilterInternal(WebAsyncManagerIntegrationFilter.java:62) ~[spring-security-web-6.4.13.jar:6.4.13]
	at org.springframework.web.filter.OncePerRequestFilter.doFilter(OncePerRequestFilter.java:116) ~[spring-web-6.2.14.jar:6.2.14]
	at org.springframework.security.web.FilterChainProxy$VirtualFilterChain.doFilter(FilterChainProxy.java:374) ~[spring-security-web-6.4.13.jar:6.4.13]
	at org.springframework.security.web.session.DisableEncodeUrlFilter.doFilterInternal(DisableEncodeUrlFilter.java:42) ~[spring-security-web-6.4.13.jar:6.4.13]
	at org.springframework.web.filter.OncePerRequestFilter.doFilter(OncePerRequestFilter.java:116) ~[spring-web-6.2.14.jar:6.2.14]
	at org.springframework.security.web.FilterChainProxy$VirtualFilterChain.doFilter(FilterChainProxy.java:374) ~[spring-security-web-6.4.13.jar:6.4.13]
	at org.springframework.security.web.FilterChainProxy.doFilterInternal(FilterChainProxy.java:233) ~[spring-security-web-6.4.13.jar:6.4.13]
	at org.springframework.security.web.FilterChainProxy.doFilter(FilterChainProxy.java:191) ~[spring-security-web-6.4.13.jar:6.4.13]
	at org.springframework.web.filter.CompositeFilter$VirtualFilterChain.doFilter(CompositeFilter.java:113) ~[spring-web-6.2.14.jar:6.2.14]
	at org.springframework.web.servlet.handler.HandlerMappingIntrospector.lambda$createCacheFilter$4(HandlerMappingIntrospector.java:267) ~[spring-webmvc-6.2.14.jar:6.2.14]
	at org.springframework.web.filter.CompositeFilter$VirtualFilterChain.doFilter(CompositeFilter.java:113) ~[spring-web-6.2.14.jar:6.2.14]
	at org.springframework.web.filter.CompositeFilter.doFilter(CompositeFilter.java:74) ~[spring-web-6.2.14.jar:6.2.14]
	at org.springframework.security.config.annotation.web.configuration.WebMvcSecurityConfiguration$CompositeFilterChainProxy.doFilter(WebMvcSecurityConfiguration.java:238) ~[spring-security-config-6.4.13.jar:6.4.13]
	at org.springframework.web.filter.DelegatingFilterProxy.invokeDelegate(DelegatingFilterProxy.java:362) ~[spring-web-6.2.14.jar:6.2.14]
	at org.springframework.web.filter.DelegatingFilterProxy.doFilter(DelegatingFilterProxy.java:278) ~[spring-web-6.2.14.jar:6.2.14]
	at org.apache.catalina.core.ApplicationFilterChain.internalDoFilter(ApplicationFilterChain.java:162) ~[tomcat-embed-core-10.1.49.jar:10.1.49]
	at org.apache.catalina.core.ApplicationFilterChain.doFilter(ApplicationFilterChain.java:138) ~[tomcat-embed-core-10.1.49.jar:10.1.49]
	at org.springframework.web.filter.RequestContextFilter.doFilterInternal(RequestContextFilter.java:100) ~[spring-web-6.2.14.jar:6.2.14]
	at org.springframework.web.filter.OncePerRequestFilter.doFilter(OncePerRequestFilter.java:116) ~[spring-web-6.2.14.jar:6.2.14]
	at org.apache.catalina.core.ApplicationFilterChain.internalDoFilter(ApplicationFilterChain.java:162) ~[tomcat-embed-core-10.1.49.jar:10.1.49]
	at org.apache.catalina.core.ApplicationFilterChain.doFilter(ApplicationFilterChain.java:138) ~[tomcat-embed-core-10.1.49.jar:10.1.49]
	at org.springframework.web.filter.FormContentFilter.doFilterInternal(FormContentFilter.java:93) ~[spring-web-6.2.14.jar:6.2.14]
	at org.springframework.web.filter.OncePerRequestFilter.doFilter(OncePerRequestFilter.java:116) ~[spring-web-6.2.14.jar:6.2.14]
	at org.apache.catalina.core.ApplicationFilterChain.internalDoFilter(ApplicationFilterChain.java:162) ~[tomcat-embed-core-10.1.49.jar:10.1.49]
	at org.apache.catalina.core.ApplicationFilterChain.doFilter(ApplicationFilterChain.java:138) ~[tomcat-embed-core-10.1.49.jar:10.1.49]
	at org.springframework.web.filter.CharacterEncodingFilter.doFilterInternal(CharacterEncodingFilter.java:201) ~[spring-web-6.2.14.jar:6.2.14]
	at org.springframework.web.filter.OncePerRequestFilter.doFilter(OncePerRequestFilter.java:116) ~[spring-web-6.2.14.jar:6.2.14]
	at org.apache.catalina.core.ApplicationFilterChain.internalDoFilter(ApplicationFilterChain.java:162) ~[tomcat-embed-core-10.1.49.jar:10.1.49]
	at org.apache.catalina.core.ApplicationFilterChain.doFilter(ApplicationFilterChain.java:138) ~[tomcat-embed-core-10.1.49.jar:10.1.49]
	at org.apache.catalina.core.StandardWrapperValve.invoke(StandardWrapperValve.java:165) ~[tomcat-embed-core-10.1.49.jar:10.1.49]
	at org.apache.catalina.core.StandardContextValve.invoke(StandardContextValve.java:88) ~[tomcat-embed-core-10.1.49.jar:10.1.49]
	at org.apache.catalina.authenticator.AuthenticatorBase.invoke(AuthenticatorBase.java:482) ~[tomcat-embed-core-10.1.49.jar:10.1.49]
	at org.apache.catalina.core.StandardHostValve.invoke(StandardHostValve.java:113) ~[tomcat-embed-core-10.1.49.jar:10.1.49]
	at org.apache.catalina.valves.ErrorReportValve.invoke(ErrorReportValve.java:83) ~[tomcat-embed-core-10.1.49.jar:10.1.49]
	at org.apache.catalina.core.StandardEngineValve.invoke(StandardEngineValve.java:72) ~[tomcat-embed-core-10.1.49.jar:10.1.49]
	at org.apache.catalina.connector.CoyoteAdapter.service(CoyoteAdapter.java:342) ~[tomcat-embed-core-10.1.49.jar:10.1.49]
	at org.apache.coyote.http11.Http11Processor.service(Http11Processor.java:399) ~[tomcat-embed-core-10.1.49.jar:10.1.49]
	at org.apache.coyote.AbstractProcessorLight.process(AbstractProcessorLight.java:63) ~[tomcat-embed-core-10.1.49.jar:10.1.49]
	at org.apache.coyote.AbstractProtocol$ConnectionHandler.process(AbstractProtocol.java:903) ~[tomcat-embed-core-10.1.49.jar:10.1.49]
	at org.apache.tomcat.util.net.NioEndpoint$SocketProcessor.doRun(NioEndpoint.java:1774) ~[tomcat-embed-core-10.1.49.jar:10.1.49]
	at org.apache.tomcat.util.net.SocketProcessorBase.run(SocketProcessorBase.java:52) ~[tomcat-embed-core-10.1.49.jar:10.1.49]
	at org.apache.tomcat.util.threads.ThreadPoolExecutor.runWorker(ThreadPoolExecutor.java:973) ~[tomcat-embed-core-10.1.49.jar:10.1.49]
	at org.apache.tomcat.util.threads.ThreadPoolExecutor$Worker.run(ThreadPoolExecutor.java:491) ~[tomcat-embed-core-10.1.49.jar:10.1.49]
	at org.apache.tomcat.util.threads.TaskThread$WrappingRunnable.run(TaskThread.java:63) ~[tomcat-embed-core-10.1.49.jar:10.1.49]
	at java.base/java.lang.Thread.run(Thread.java:1474) ~[na:na]
Caused by: org.attoparser.ParseException: Error resolving fragment: "~{'fragments/base' :: layout ('_arg0'=~{ :: main})}": template or fragment could not be resolved (template: "pages/enroll" - line 8, col 10)
	at org.attoparser.MarkupParser.parseDocument(MarkupParser.java:393) ~[attoparser-2.0.7.RELEASE.jar:2.0.7.RELEASE]
	at org.attoparser.MarkupParser.parse(MarkupParser.java:257) ~[attoparser-2.0.7.RELEASE.jar:2.0.7.RELEASE]
	at org.thymeleaf.templateparser.markup.AbstractMarkupTemplateParser.parse(AbstractMarkupTemplateParser.java:230) ~[thymeleaf-3.1.3.RELEASE.jar:3.1.3.RELEASE]
	... 95 common frames omitted
Caused by: org.thymeleaf.exceptions.TemplateInputException: Error resolving fragment: "~{'fragments/base' :: layout ('_arg0'=~{ :: main})}": template or fragment could not be resolved (template: "pages/enroll" - line 8, col 10)
	at org.thymeleaf.standard.expression.FragmentExpression.resolveExecutedFragmentExpression(FragmentExpression.java:598) ~[thymeleaf-3.1.3.RELEASE.jar:3.1.3.RELEASE]
	at org.thymeleaf.standard.processor.AbstractStandardFragmentInsertionTagProcessor.computeFragment(AbstractStandardFragmentInsertionTagProcessor.java:419) ~[thymeleaf-3.1.3.RELEASE.jar:3.1.3.RELEASE]
	at org.thymeleaf.standard.processor.AbstractStandardFragmentInsertionTagProcessor.doProcess(AbstractStandardFragmentInsertionTagProcessor.java:115) ~[thymeleaf-3.1.3.RELEASE.jar:3.1.3.RELEASE]
	at org.thymeleaf.processor.element.AbstractAttributeTagProcessor.doProcess(AbstractAttributeTagProcessor.java:74) ~[thymeleaf-3.1.3.RELEASE.jar:3.1.3.RELEASE]
	at org.thymeleaf.processor.element.AbstractElementTagProcessor.process(AbstractElementTagProcessor.java:95) ~[thymeleaf-3.1.3.RELEASE.jar:3.1.3.RELEASE]
	at org.thymeleaf.util.ProcessorConfigurationUtils$ElementTagProcessorWrapper.process(ProcessorConfigurationUtils.java:633) ~[thymeleaf-3.1.3.RELEASE.jar:3.1.3.RELEASE]
	at org.thymeleaf.engine.ProcessorTemplateHandler.handleOpenElement(ProcessorTemplateHandler.java:1314) ~[thymeleaf-3.1.3.RELEASE.jar:3.1.3.RELEASE]
	at org.thymeleaf.engine.TemplateHandlerAdapterMarkupHandler.handleOpenElementEnd(TemplateHandlerAdapterMarkupHandler.java:304) ~[thymeleaf-3.1.3.RELEASE.jar:3.1.3.RELEASE]
	at org.thymeleaf.templateparser.markup.InlinedOutputExpressionMarkupHandler$InlineMarkupAdapterPreProcessorHandler.handleOpenElementEnd(InlinedOutputExpressionMarkupHandler.java:278) ~[thymeleaf-3.1.3.RELEASE.jar:3.1.3.RELEASE]
	at org.thymeleaf.standard.inline.OutputExpressionInlinePreProcessorHandler.handleOpenElementEnd(OutputExpressionInlinePreProcessorHandler.java:186) ~[thymeleaf-3.1.3.RELEASE.jar:3.1.3.RELEASE]
	at org.thymeleaf.templateparser.markup.InlinedOutputExpressionMarkupHandler.handleOpenElementEnd(InlinedOutputExpressionMarkupHandler.java:124) ~[thymeleaf-3.1.3.RELEASE.jar:3.1.3.RELEASE]
	at org.attoparser.HtmlElement.handleOpenElementEnd(HtmlElement.java:109) ~[attoparser-2.0.7.RELEASE.jar:2.0.7.RELEASE]
	at org.attoparser.HtmlMarkupHandler.handleOpenElementEnd(HtmlMarkupHandler.java:297) ~[attoparser-2.0.7.RELEASE.jar:2.0.7.RELEASE]
	at org.attoparser.MarkupEventProcessorHandler.handleOpenElementEnd(MarkupEventProcessorHandler.java:402) ~[attoparser-2.0.7.RELEASE.jar:2.0.7.RELEASE]
	at org.attoparser.ParsingElementMarkupUtil.parseOpenElement(ParsingElementMarkupUtil.java:159) ~[attoparser-2.0.7.RELEASE.jar:2.0.7.RELEASE]
	at org.attoparser.MarkupParser.parseBuffer(MarkupParser.java:710) ~[attoparser-2.0.7.RELEASE.jar:2.0.7.RELEASE]
	at org.attoparser.MarkupParser.parseDocument(MarkupParser.java:301) ~[attoparser-2.0.7.RELEASE.jar:2.0.7.RELEASE]
	... 97 common frames omitted

2025-11-28T01:36:55.737+05:30 ERROR 1807899 --- [nio-8080-exec-9] o.a.c.c.C.[.[.[/].[dispatcherServlet]    : Servlet.service() for servlet [dispatcherServlet] in context with path [] threw exception [Request processing failed: org.thymeleaf.exceptions.TemplateInputException: An error happened during template parsing (template: "class path resource [templates/pages/enroll.html]")] with root cause

org.thymeleaf.exceptions.TemplateInputException: Error resolving fragment: "~{'fragments/base' :: layout ('_arg0'=~{ :: main})}": template or fragment could not be resolved (template: "pages/enroll" - line 8, col 10)
	at org.thymeleaf.standard.expression.FragmentExpression.resolveExecutedFragmentExpression(FragmentExpression.java:598) ~[thymeleaf-3.1.3.RELEASE.jar:3.1.3.RELEASE]
	at org.thymeleaf.standard.processor.AbstractStandardFragmentInsertionTagProcessor.computeFragment(AbstractStandardFragmentInsertionTagProcessor.java:419) ~[thymeleaf-3.1.3.RELEASE.jar:3.1.3.RELEASE]
	at org.thymeleaf.standard.processor.AbstractStandardFragmentInsertionTagProcessor.doProcess(AbstractStandardFragmentInsertionTagProcessor.java:115) ~[thymeleaf-3.1.3.RELEASE.jar:3.1.3.RELEASE]
	at org.thymeleaf.processor.element.AbstractAttributeTagProcessor.doProcess(AbstractAttributeTagProcessor.java:74) ~[thymeleaf-3.1.3.RELEASE.jar:3.1.3.RELEASE]
	at org.thymeleaf.processor.element.AbstractElementTagProcessor.process(AbstractElementTagProcessor.java:95) ~[thymeleaf-3.1.3.RELEASE.jar:3.1.3.RELEASE]
	at org.thymeleaf.util.ProcessorConfigurationUtils$ElementTagProcessorWrapper.process(ProcessorConfigurationUtils.java:633) ~[thymeleaf-3.1.3.RELEASE.jar:3.1.3.RELEASE]
	at org.thymeleaf.engine.ProcessorTemplateHandler.handleOpenElement(ProcessorTemplateHandler.java:1314) ~[thymeleaf-3.1.3.RELEASE.jar:3.1.3.RELEASE]
	at org.thymeleaf.engine.TemplateHandlerAdapterMarkupHandler.handleOpenElementEnd(TemplateHandlerAdapterMarkupHandler.java:304) ~[thymeleaf-3.1.3.RELEASE.jar:3.1.3.RELEASE]
	at org.thymeleaf.templateparser.markup.InlinedOutputExpressionMarkupHandler$InlineMarkupAdapterPreProcessorHandler.handleOpenElementEnd(InlinedOutputExpressionMarkupHandler.java:278) ~[thymeleaf-3.1.3.RELEASE.jar:3.1.3.RELEASE]
	at org.thymeleaf.standard.inline.OutputExpressionInlinePreProcessorHandler.handleOpenElementEnd(OutputExpressionInlinePreProcessorHandler.java:186) ~[thymeleaf-3.1.3.RELEASE.jar:3.1.3.RELEASE]
	at org.thymeleaf.templateparser.markup.InlinedOutputExpressionMarkupHandler.handleOpenElementEnd(InlinedOutputExpressionMarkupHandler.java:124) ~[thymeleaf-3.1.3.RELEASE.jar:3.1.3.RELEASE]
	at org.attoparser.HtmlElement.handleOpenElementEnd(HtmlElement.java:109) ~[attoparser-2.0.7.RELEASE.jar:2.0.7.RELEASE]
	at org.attoparser.HtmlMarkupHandler.handleOpenElementEnd(HtmlMarkupHandler.java:297) ~[attoparser-2.0.7.RELEASE.jar:2.0.7.RELEASE]
	at org.attoparser.MarkupEventProcessorHandler.handleOpenElementEnd(MarkupEventProcessorHandler.java:402) ~[attoparser-2.0.7.RELEASE.jar:2.0.7.RELEASE]
	at org.attoparser.ParsingElementMarkupUtil.parseOpenElement(ParsingElementMarkupUtil.java:159) ~[attoparser-2.0.7.RELEASE.jar:2.0.7.RELEASE]
	at org.attoparser.MarkupParser.parseBuffer(MarkupParser.java:710) ~[attoparser-2.0.7.RELEASE.jar:2.0.7.RELEASE]
	at org.attoparser.MarkupParser.parseDocument(MarkupParser.java:301) ~[attoparser-2.0.7.RELEASE.jar:2.0.7.RELEASE]
	at org.attoparser.MarkupParser.parse(MarkupParser.java:257) ~[attoparser-2.0.7.RELEASE.jar:2.0.7.RELEASE]
	at org.thymeleaf.templateparser.markup.AbstractMarkupTemplateParser.parse(AbstractMarkupTemplateParser.java:230) ~[thymeleaf-3.1.3.RELEASE.jar:3.1.3.RELEASE]
	at org.thymeleaf.templateparser.markup.AbstractMarkupTemplateParser.parseStandalone(AbstractMarkupTemplateParser.java:100) ~[thymeleaf-3.1.3.RELEASE.jar:3.1.3.RELEASE]
	at org.thymeleaf.engine.TemplateManager.parseAndProcess(TemplateManager.java:666) ~[thymeleaf-3.1.3.RELEASE.jar:3.1.3.RELEASE]
	at org.thymeleaf.TemplateEngine.process(TemplateEngine.java:1103) ~[thymeleaf-3.1.3.RELEASE.jar:3.1.3.RELEASE]
	at org.thymeleaf.TemplateEngine.process(TemplateEngine.java:1077) ~[thymeleaf-3.1.3.RELEASE.jar:3.1.3.RELEASE]
	at org.thymeleaf.spring6.view.ThymeleafView.renderFragment(ThymeleafView.java:372) ~[thymeleaf-spring6-3.1.3.RELEASE.jar:3.1.3.RELEASE]
	at org.thymeleaf.spring6.view.ThymeleafView.render(ThymeleafView.java:192) ~[thymeleaf-spring6-3.1.3.RELEASE.jar:3.1.3.RELEASE]
	at org.springframework.web.servlet.DispatcherServlet.render(DispatcherServlet.java:1438) ~[spring-webmvc-6.2.14.jar:6.2.14]
	at org.springframework.web.servlet.DispatcherServlet.processDispatchResult(DispatcherServlet.java:1168) ~[spring-webmvc-6.2.14.jar:6.2.14]
	at org.springframework.web.servlet.DispatcherServlet.doDispatch(DispatcherServlet.java:1106) ~[spring-webmvc-6.2.14.jar:6.2.14]
	at org.springframework.web.servlet.DispatcherServlet.doService(DispatcherServlet.java:979) ~[spring-webmvc-6.2.14.jar:6.2.14]
	at org.springframework.web.servlet.FrameworkServlet.processRequest(FrameworkServlet.java:1014) ~[spring-webmvc-6.2.14.jar:6.2.14]
	at org.springframework.web.servlet.FrameworkServlet.doGet(FrameworkServlet.java:903) ~[spring-webmvc-6.2.14.jar:6.2.14]
	at jakarta.servlet.http.HttpServlet.service(HttpServlet.java:564) ~[tomcat-embed-core-10.1.49.jar:6.0]
	at org.springframework.web.servlet.FrameworkServlet.service(FrameworkServlet.java:885) ~[spring-webmvc-6.2.14.jar:6.2.14]
	at jakarta.servlet.http.HttpServlet.service(HttpServlet.java:658) ~[tomcat-embed-core-10.1.49.jar:6.0]
	at org.apache.catalina.core.ApplicationFilterChain.internalDoFilter(ApplicationFilterChain.java:193) ~[tomcat-embed-core-10.1.49.jar:10.1.49]
	at org.apache.catalina.core.ApplicationFilterChain.doFilter(ApplicationFilterChain.java:138) ~[tomcat-embed-core-10.1.49.jar:10.1.49]
	at org.apache.tomcat.websocket.server.WsFilter.doFilter(WsFilter.java:51) ~[tomcat-embed-websocket-10.1.49.jar:10.1.49]
	at org.apache.catalina.core.ApplicationFilterChain.internalDoFilter(ApplicationFilterChain.java:162) ~[tomcat-embed-core-10.1.49.jar:10.1.49]
	at org.apache.catalina.core.ApplicationFilterChain.doFilter(ApplicationFilterChain.java:138) ~[tomcat-embed-core-10.1.49.jar:10.1.49]
	at org.springframework.web.filter.CompositeFilter$VirtualFilterChain.doFilter(CompositeFilter.java:108) ~[spring-web-6.2.14.jar:6.2.14]
	at org.springframework.security.web.FilterChainProxy.lambda$doFilterInternal$3(FilterChainProxy.java:231) ~[spring-security-web-6.4.13.jar:6.4.13]
	at org.springframework.security.web.FilterChainProxy$VirtualFilterChain.doFilter(FilterChainProxy.java:365) ~[spring-security-web-6.4.13.jar:6.4.13]
	at org.springframework.security.web.access.intercept.AuthorizationFilter.doFilter(AuthorizationFilter.java:101) ~[spring-security-web-6.4.13.jar:6.4.13]
	at org.springframework.security.web.FilterChainProxy$VirtualFilterChain.doFilter(FilterChainProxy.java:374) ~[spring-security-web-6.4.13.jar:6.4.13]
	at org.springframework.security.web.access.ExceptionTranslationFilter.doFilter(ExceptionTranslationFilter.java:126) ~[spring-security-web-6.4.13.jar:6.4.13]
	at org.springframework.security.web.access.ExceptionTranslationFilter.doFilter(ExceptionTranslationFilter.java:120) ~[spring-security-web-6.4.13.jar:6.4.13]
	at org.springframework.security.web.FilterChainProxy$VirtualFilterChain.doFilter(FilterChainProxy.java:374) ~[spring-security-web-6.4.13.jar:6.4.13]
	at org.springframework.security.web.authentication.AnonymousAuthenticationFilter.doFilter(AnonymousAuthenticationFilter.java:100) ~[spring-security-web-6.4.13.jar:6.4.13]
	at org.springframework.security.web.FilterChainProxy$VirtualFilterChain.doFilter(FilterChainProxy.java:374) ~[spring-security-web-6.4.13.jar:6.4.13]
	at org.springframework.security.web.servletapi.SecurityContextHolderAwareRequestFilter.doFilter(SecurityContextHolderAwareRequestFilter.java:179) ~[spring-security-web-6.4.13.jar:6.4.13]
	at org.springframework.security.web.FilterChainProxy$VirtualFilterChain.doFilter(FilterChainProxy.java:374) ~[spring-security-web-6.4.13.jar:6.4.13]
	at org.springframework.security.web.savedrequest.RequestCacheAwareFilter.doFilter(RequestCacheAwareFilter.java:63) ~[spring-security-web-6.4.13.jar:6.4.13]
	at org.springframework.security.web.FilterChainProxy$VirtualFilterChain.doFilter(FilterChainProxy.java:374) ~[spring-security-web-6.4.13.jar:6.4.13]
	at org.springframework.security.web.authentication.AbstractAuthenticationProcessingFilter.doFilter(AbstractAuthenticationProcessingFilter.java:227) ~[spring-security-web-6.4.13.jar:6.4.13]
	at org.springframework.security.web.authentication.AbstractAuthenticationProcessingFilter.doFilter(AbstractAuthenticationProcessingFilter.java:221) ~[spring-security-web-6.4.13.jar:6.4.13]
	at org.springframework.security.web.FilterChainProxy$VirtualFilterChain.doFilter(FilterChainProxy.java:374) ~[spring-security-web-6.4.13.jar:6.4.13]
	at org.springframework.security.web.authentication.logout.LogoutFilter.doFilter(LogoutFilter.java:107) ~[spring-security-web-6.4.13.jar:6.4.13]
	at org.springframework.security.web.authentication.logout.LogoutFilter.doFilter(LogoutFilter.java:93) ~[spring-security-web-6.4.13.jar:6.4.13]
	at org.springframework.security.web.FilterChainProxy$VirtualFilterChain.doFilter(FilterChainProxy.java:374) ~[spring-security-web-6.4.13.jar:6.4.13]
	at org.springframework.security.web.csrf.CsrfFilter.doFilterInternal(CsrfFilter.java:117) ~[spring-security-web-6.4.13.jar:6.4.13]
	at org.springframework.web.filter.OncePerRequestFilter.doFilter(OncePerRequestFilter.java:116) ~[spring-web-6.2.14.jar:6.2.14]
	at org.springframework.security.web.FilterChainProxy$VirtualFilterChain.doFilter(FilterChainProxy.java:374) ~[spring-security-web-6.4.13.jar:6.4.13]
	at org.springframework.security.web.header.HeaderWriterFilter.doHeadersAfter(HeaderWriterFilter.java:90) ~[spring-security-web-6.4.13.jar:6.4.13]
	at org.springframework.security.web.header.HeaderWriterFilter.doFilterInternal(HeaderWriterFilter.java:75) ~[spring-security-web-6.4.13.jar:6.4.13]
	at org.springframework.web.filter.OncePerRequestFilter.doFilter(OncePerRequestFilter.java:116) ~[spring-web-6.2.14.jar:6.2.14]
	at org.springframework.security.web.FilterChainProxy$VirtualFilterChain.doFilter(FilterChainProxy.java:374) ~[spring-security-web-6.4.13.jar:6.4.13]
	at org.springframework.security.web.context.SecurityContextHolderFilter.doFilter(SecurityContextHolderFilter.java:82) ~[spring-security-web-6.4.13.jar:6.4.13]
	at org.springframework.security.web.context.SecurityContextHolderFilter.doFilter(SecurityContextHolderFilter.java:69) ~[spring-security-web-6.4.13.jar:6.4.13]
	at org.springframework.security.web.FilterChainProxy$VirtualFilterChain.doFilter(FilterChainProxy.java:374) ~[spring-security-web-6.4.13.jar:6.4.13]
	at org.springframework.security.web.context.request.async.WebAsyncManagerIntegrationFilter.doFilterInternal(WebAsyncManagerIntegrationFilter.java:62) ~[spring-security-web-6.4.13.jar:6.4.13]
	at org.springframework.web.filter.OncePerRequestFilter.doFilter(OncePerRequestFilter.java:116) ~[spring-web-6.2.14.jar:6.2.14]
	at org.springframework.security.web.FilterChainProxy$VirtualFilterChain.doFilter(FilterChainProxy.java:374) ~[spring-security-web-6.4.13.jar:6.4.13]
	at org.springframework.security.web.session.DisableEncodeUrlFilter.doFilterInternal(DisableEncodeUrlFilter.java:42) ~[spring-security-web-6.4.13.jar:6.4.13]
	at org.springframework.web.filter.OncePerRequestFilter.doFilter(OncePerRequestFilter.java:116) ~[spring-web-6.2.14.jar:6.2.14]
	at org.springframework.security.web.FilterChainProxy$VirtualFilterChain.doFilter(FilterChainProxy.java:374) ~[spring-security-web-6.4.13.jar:6.4.13]
	at org.springframework.security.web.FilterChainProxy.doFilterInternal(FilterChainProxy.java:233) ~[spring-security-web-6.4.13.jar:6.4.13]
	at org.springframework.security.web.FilterChainProxy.doFilter(FilterChainProxy.java:191) ~[spring-security-web-6.4.13.jar:6.4.13]
	at org.springframework.web.filter.CompositeFilter$VirtualFilterChain.doFilter(CompositeFilter.java:113) ~[spring-web-6.2.14.jar:6.2.14]
	at org.springframework.web.servlet.handler.HandlerMappingIntrospector.lambda$createCacheFilter$4(HandlerMappingIntrospector.java:267) ~[spring-webmvc-6.2.14.jar:6.2.14]
	at org.springframework.web.filter.CompositeFilter$VirtualFilterChain.doFilter(CompositeFilter.java:113) ~[spring-web-6.2.14.jar:6.2.14]
	at org.springframework.web.filter.CompositeFilter.doFilter(CompositeFilter.java:74) ~[spring-web-6.2.14.jar:6.2.14]
	at org.springframework.security.config.annotation.web.configuration.WebMvcSecurityConfiguration$CompositeFilterChainProxy.doFilter(WebMvcSecurityConfiguration.java:238) ~[spring-security-config-6.4.13.jar:6.4.13]
	at org.springframework.web.filter.DelegatingFilterProxy.invokeDelegate(DelegatingFilterProxy.java:362) ~[spring-web-6.2.14.jar:6.2.14]
	at org.springframework.web.filter.DelegatingFilterProxy.doFilter(DelegatingFilterProxy.java:278) ~[spring-web-6.2.14.jar:6.2.14]
	at org.apache.catalina.core.ApplicationFilterChain.internalDoFilter(ApplicationFilterChain.java:162) ~[tomcat-embed-core-10.1.49.jar:10.1.49]
	at org.apache.catalina.core.ApplicationFilterChain.doFilter(ApplicationFilterChain.java:138) ~[tomcat-embed-core-10.1.49.jar:10.1.49]
	at org.springframework.web.filter.RequestContextFilter.doFilterInternal(RequestContextFilter.java:100) ~[spring-web-6.2.14.jar:6.2.14]
	at org.springframework.web.filter.OncePerRequestFilter.doFilter(OncePerRequestFilter.java:116) ~[spring-web-6.2.14.jar:6.2.14]
	at org.apache.catalina.core.ApplicationFilterChain.internalDoFilter(ApplicationFilterChain.java:162) ~[tomcat-embed-core-10.1.49.jar:10.1.49]
	at org.apache.catalina.core.ApplicationFilterChain.doFilter(ApplicationFilterChain.java:138) ~[tomcat-embed-core-10.1.49.jar:10.1.49]
	at org.springframework.web.filter.FormContentFilter.doFilterInternal(FormContentFilter.java:93) ~[spring-web-6.2.14.jar:6.2.14]
	at org.springframework.web.filter.OncePerRequestFilter.doFilter(OncePerRequestFilter.java:116) ~[spring-web-6.2.14.jar:6.2.14]
	at org.apache.catalina.core.ApplicationFilterChain.internalDoFilter(ApplicationFilterChain.java:162) ~[tomcat-embed-core-10.1.49.jar:10.1.49]
	at org.apache.catalina.core.ApplicationFilterChain.doFilter(ApplicationFilterChain.java:138) ~[tomcat-embed-core-10.1.49.jar:10.1.49]
	at org.springframework.web.filter.CharacterEncodingFilter.doFilterInternal(CharacterEncodingFilter.java:201) ~[spring-web-6.2.14.jar:6.2.14]
	at org.springframework.web.filter.OncePerRequestFilter.doFilter(OncePerRequestFilter.java:116) ~[spring-web-6.2.14.jar:6.2.14]
	at org.apache.catalina.core.ApplicationFilterChain.internalDoFilter(ApplicationFilterChain.java:162) ~[tomcat-embed-core-10.1.49.jar:10.1.49]
	at org.apache.catalina.core.ApplicationFilterChain.doFilter(ApplicationFilterChain.java:138) ~[tomcat-embed-core-10.1.49.jar:10.1.49]
	at org.apache.catalina.core.StandardWrapperValve.invoke(StandardWrapperValve.java:165) ~[tomcat-embed-core-10.1.49.jar:10.1.49]
	at org.apache.catalina.core.StandardContextValve.invoke(StandardContextValve.java:88) ~[tomcat-embed-core-10.1.49.jar:10.1.49]
	at org.apache.catalina.authenticator.AuthenticatorBase.invoke(AuthenticatorBase.java:482) ~[tomcat-embed-core-10.1.49.jar:10.1.49]
	at org.apache.catalina.core.StandardHostValve.invoke(StandardHostValve.java:113) ~[tomcat-embed-core-10.1.49.jar:10.1.49]
	at org.apache.catalina.valves.ErrorReportValve.invoke(ErrorReportValve.java:83) ~[tomcat-embed-core-10.1.49.jar:10.1.49]
	at org.apache.catalina.core.StandardEngineValve.invoke(StandardEngineValve.java:72) ~[tomcat-embed-core-10.1.49.jar:10.1.49]
	at org.apache.catalina.connector.CoyoteAdapter.service(CoyoteAdapter.java:342) ~[tomcat-embed-core-10.1.49.jar:10.1.49]
	at org.apache.coyote.http11.Http11Processor.service(Http11Processor.java:399) ~[tomcat-embed-core-10.1.49.jar:10.1.49]
	at org.apache.coyote.AbstractProcessorLight.process(AbstractProcessorLight.java:63) ~[tomcat-embed-core-10.1.49.jar:10.1.49]
	at org.apache.coyote.AbstractProtocol$ConnectionHandler.process(AbstractProtocol.java:903) ~[tomcat-embed-core-10.1.49.jar:10.1.49]
	at org.apache.tomcat.util.net.NioEndpoint$SocketProcessor.doRun(NioEndpoint.java:1774) ~[tomcat-embed-core-10.1.49.jar:10.1.49]
	at org.apache.tomcat.util.net.SocketProcessorBase.run(SocketProcessorBase.java:52) ~[tomcat-embed-core-10.1.49.jar:10.1.49]
	at org.apache.tomcat.util.threads.ThreadPoolExecutor.runWorker(ThreadPoolExecutor.java:973) ~[tomcat-embed-core-10.1.49.jar:10.1.49]
	at org.apache.tomcat.util.threads.ThreadPoolExecutor$Worker.run(ThreadPoolExecutor.java:491) ~[tomcat-embed-core-10.1.49.jar:10.1.49]
	at org.apache.tomcat.util.threads.TaskThread$WrappingRunnable.run(TaskThread.java:63) ~[tomcat-embed-core-10.1.49.jar:10.1.49]
	at java.base/java.lang.Thread.run(Thread.java:1474) ~[na:na]

Hibernate: select u1_0.id,u1_0.password,u1_0.role,u1_0.username from users u1_0 where u1_0.username=?
2025-11-28T01:37:06.734+05:30 ERROR 1807899 --- [nio-8080-exec-4] org.thymeleaf.TemplateEngine             : [THYMELEAF][http-nio-8080-exec-4] Exception processing template "pages/profile": Error resolving template [pages/profile], template might not exist or might not be accessible by any of the configured Template Resolvers

org.thymeleaf.exceptions.TemplateInputException: Error resolving template [pages/profile], template might not exist or might not be accessible by any of the configured Template Resolvers
	at org.thymeleaf.engine.TemplateManager.resolveTemplate(TemplateManager.java:869) ~[thymeleaf-3.1.3.RELEASE.jar:3.1.3.RELEASE]
	at org.thymeleaf.engine.TemplateManager.parseAndProcess(TemplateManager.java:607) ~[thymeleaf-3.1.3.RELEASE.jar:3.1.3.RELEASE]
	at org.thymeleaf.TemplateEngine.process(TemplateEngine.java:1103) ~[thymeleaf-3.1.3.RELEASE.jar:3.1.3.RELEASE]
	at org.thymeleaf.TemplateEngine.process(TemplateEngine.java:1077) ~[thymeleaf-3.1.3.RELEASE.jar:3.1.3.RELEASE]
	at org.thymeleaf.spring6.view.ThymeleafView.renderFragment(ThymeleafView.java:372) ~[thymeleaf-spring6-3.1.3.RELEASE.jar:3.1.3.RELEASE]
	at org.thymeleaf.spring6.view.ThymeleafView.render(ThymeleafView.java:192) ~[thymeleaf-spring6-3.1.3.RELEASE.jar:3.1.3.RELEASE]
	at org.springframework.web.servlet.DispatcherServlet.render(DispatcherServlet.java:1438) ~[spring-webmvc-6.2.14.jar:6.2.14]
	at org.springframework.web.servlet.DispatcherServlet.processDispatchResult(DispatcherServlet.java:1168) ~[spring-webmvc-6.2.14.jar:6.2.14]
	at org.springframework.web.servlet.DispatcherServlet.doDispatch(DispatcherServlet.java:1106) ~[spring-webmvc-6.2.14.jar:6.2.14]
	at org.springframework.web.servlet.DispatcherServlet.doService(DispatcherServlet.java:979) ~[spring-webmvc-6.2.14.jar:6.2.14]
	at org.springframework.web.servlet.FrameworkServlet.processRequest(FrameworkServlet.java:1014) ~[spring-webmvc-6.2.14.jar:6.2.14]
	at org.springframework.web.servlet.FrameworkServlet.doGet(FrameworkServlet.java:903) ~[spring-webmvc-6.2.14.jar:6.2.14]
	at jakarta.servlet.http.HttpServlet.service(HttpServlet.java:564) ~[tomcat-embed-core-10.1.49.jar:6.0]
	at org.springframework.web.servlet.FrameworkServlet.service(FrameworkServlet.java:885) ~[spring-webmvc-6.2.14.jar:6.2.14]
	at jakarta.servlet.http.HttpServlet.service(HttpServlet.java:658) ~[tomcat-embed-core-10.1.49.jar:6.0]
	at org.apache.catalina.core.ApplicationFilterChain.internalDoFilter(ApplicationFilterChain.java:193) ~[tomcat-embed-core-10.1.49.jar:10.1.49]
	at org.apache.catalina.core.ApplicationFilterChain.doFilter(ApplicationFilterChain.java:138) ~[tomcat-embed-core-10.1.49.jar:10.1.49]
	at org.apache.tomcat.websocket.server.WsFilter.doFilter(WsFilter.java:51) ~[tomcat-embed-websocket-10.1.49.jar:10.1.49]
	at org.apache.catalina.core.ApplicationFilterChain.internalDoFilter(ApplicationFilterChain.java:162) ~[tomcat-embed-core-10.1.49.jar:10.1.49]
	at org.apache.catalina.core.ApplicationFilterChain.doFilter(ApplicationFilterChain.java:138) ~[tomcat-embed-core-10.1.49.jar:10.1.49]
	at org.springframework.web.filter.CompositeFilter$VirtualFilterChain.doFilter(CompositeFilter.java:108) ~[spring-web-6.2.14.jar:6.2.14]
	at org.springframework.security.web.FilterChainProxy.lambda$doFilterInternal$3(FilterChainProxy.java:231) ~[spring-security-web-6.4.13.jar:6.4.13]
	at org.springframework.security.web.FilterChainProxy$VirtualFilterChain.doFilter(FilterChainProxy.java:365) ~[spring-security-web-6.4.13.jar:6.4.13]
	at org.springframework.security.web.access.intercept.AuthorizationFilter.doFilter(AuthorizationFilter.java:101) ~[spring-security-web-6.4.13.jar:6.4.13]
	at org.springframework.security.web.FilterChainProxy$VirtualFilterChain.doFilter(FilterChainProxy.java:374) ~[spring-security-web-6.4.13.jar:6.4.13]
	at org.springframework.security.web.access.ExceptionTranslationFilter.doFilter(ExceptionTranslationFilter.java:126) ~[spring-security-web-6.4.13.jar:6.4.13]
	at org.springframework.security.web.access.ExceptionTranslationFilter.doFilter(ExceptionTranslationFilter.java:120) ~[spring-security-web-6.4.13.jar:6.4.13]
	at org.springframework.security.web.FilterChainProxy$VirtualFilterChain.doFilter(FilterChainProxy.java:374) ~[spring-security-web-6.4.13.jar:6.4.13]
	at org.springframework.security.web.authentication.AnonymousAuthenticationFilter.doFilter(AnonymousAuthenticationFilter.java:100) ~[spring-security-web-6.4.13.jar:6.4.13]
	at org.springframework.security.web.FilterChainProxy$VirtualFilterChain.doFilter(FilterChainProxy.java:374) ~[spring-security-web-6.4.13.jar:6.4.13]
	at org.springframework.security.web.servletapi.SecurityContextHolderAwareRequestFilter.doFilter(SecurityContextHolderAwareRequestFilter.java:179) ~[spring-security-web-6.4.13.jar:6.4.13]
	at org.springframework.security.web.FilterChainProxy$VirtualFilterChain.doFilter(FilterChainProxy.java:374) ~[spring-security-web-6.4.13.jar:6.4.13]
	at org.springframework.security.web.savedrequest.RequestCacheAwareFilter.doFilter(RequestCacheAwareFilter.java:63) ~[spring-security-web-6.4.13.jar:6.4.13]
	at org.springframework.security.web.FilterChainProxy$VirtualFilterChain.doFilter(FilterChainProxy.java:374) ~[spring-security-web-6.4.13.jar:6.4.13]
	at org.springframework.security.web.authentication.AbstractAuthenticationProcessingFilter.doFilter(AbstractAuthenticationProcessingFilter.java:227) ~[spring-security-web-6.4.13.jar:6.4.13]
	at org.springframework.security.web.authentication.AbstractAuthenticationProcessingFilter.doFilter(AbstractAuthenticationProcessingFilter.java:221) ~[spring-security-web-6.4.13.jar:6.4.13]
	at org.springframework.security.web.FilterChainProxy$VirtualFilterChain.doFilter(FilterChainProxy.java:374) ~[spring-security-web-6.4.13.jar:6.4.13]
	at org.springframework.security.web.authentication.logout.LogoutFilter.doFilter(LogoutFilter.java:107) ~[spring-security-web-6.4.13.jar:6.4.13]
	at org.springframework.security.web.authentication.logout.LogoutFilter.doFilter(LogoutFilter.java:93) ~[spring-security-web-6.4.13.jar:6.4.13]
	at org.springframework.security.web.FilterChainProxy$VirtualFilterChain.doFilter(FilterChainProxy.java:374) ~[spring-security-web-6.4.13.jar:6.4.13]
	at org.springframework.security.web.csrf.CsrfFilter.doFilterInternal(CsrfFilter.java:117) ~[spring-security-web-6.4.13.jar:6.4.13]
	at org.springframework.web.filter.OncePerRequestFilter.doFilter(OncePerRequestFilter.java:116) ~[spring-web-6.2.14.jar:6.2.14]
	at org.springframework.security.web.FilterChainProxy$VirtualFilterChain.doFilter(FilterChainProxy.java:374) ~[spring-security-web-6.4.13.jar:6.4.13]
	at org.springframework.security.web.header.HeaderWriterFilter.doHeadersAfter(HeaderWriterFilter.java:90) ~[spring-security-web-6.4.13.jar:6.4.13]
	at org.springframework.security.web.header.HeaderWriterFilter.doFilterInternal(HeaderWriterFilter.java:75) ~[spring-security-web-6.4.13.jar:6.4.13]
	at org.springframework.web.filter.OncePerRequestFilter.doFilter(OncePerRequestFilter.java:116) ~[spring-web-6.2.14.jar:6.2.14]
	at org.springframework.security.web.FilterChainProxy$VirtualFilterChain.doFilter(FilterChainProxy.java:374) ~[spring-security-web-6.4.13.jar:6.4.13]
	at org.springframework.security.web.context.SecurityContextHolderFilter.doFilter(SecurityContextHolderFilter.java:82) ~[spring-security-web-6.4.13.jar:6.4.13]
	at org.springframework.security.web.context.SecurityContextHolderFilter.doFilter(SecurityContextHolderFilter.java:69) ~[spring-security-web-6.4.13.jar:6.4.13]
	at org.springframework.security.web.FilterChainProxy$VirtualFilterChain.doFilter(FilterChainProxy.java:374) ~[spring-security-web-6.4.13.jar:6.4.13]
	at org.springframework.security.web.context.request.async.WebAsyncManagerIntegrationFilter.doFilterInternal(WebAsyncManagerIntegrationFilter.java:62) ~[spring-security-web-6.4.13.jar:6.4.13]
	at org.springframework.web.filter.OncePerRequestFilter.doFilter(OncePerRequestFilter.java:116) ~[spring-web-6.2.14.jar:6.2.14]
	at org.springframework.security.web.FilterChainProxy$VirtualFilterChain.doFilter(FilterChainProxy.java:374) ~[spring-security-web-6.4.13.jar:6.4.13]
	at org.springframework.security.web.session.DisableEncodeUrlFilter.doFilterInternal(DisableEncodeUrlFilter.java:42) ~[spring-security-web-6.4.13.jar:6.4.13]
	at org.springframework.web.filter.OncePerRequestFilter.doFilter(OncePerRequestFilter.java:116) ~[spring-web-6.2.14.jar:6.2.14]
	at org.springframework.security.web.FilterChainProxy$VirtualFilterChain.doFilter(FilterChainProxy.java:374) ~[spring-security-web-6.4.13.jar:6.4.13]
	at org.springframework.security.web.FilterChainProxy.doFilterInternal(FilterChainProxy.java:233) ~[spring-security-web-6.4.13.jar:6.4.13]
	at org.springframework.security.web.FilterChainProxy.doFilter(FilterChainProxy.java:191) ~[spring-security-web-6.4.13.jar:6.4.13]
	at org.springframework.web.filter.CompositeFilter$VirtualFilterChain.doFilter(CompositeFilter.java:113) ~[spring-web-6.2.14.jar:6.2.14]
	at org.springframework.web.servlet.handler.HandlerMappingIntrospector.lambda$createCacheFilter$4(HandlerMappingIntrospector.java:267) ~[spring-webmvc-6.2.14.jar:6.2.14]
	at org.springframework.web.filter.CompositeFilter$VirtualFilterChain.doFilter(CompositeFilter.java:113) ~[spring-web-6.2.14.jar:6.2.14]
	at org.springframework.web.filter.CompositeFilter.doFilter(CompositeFilter.java:74) ~[spring-web-6.2.14.jar:6.2.14]
	at org.springframework.security.config.annotation.web.configuration.WebMvcSecurityConfiguration$CompositeFilterChainProxy.doFilter(WebMvcSecurityConfiguration.java:238) ~[spring-security-config-6.4.13.jar:6.4.13]
	at org.springframework.web.filter.DelegatingFilterProxy.invokeDelegate(DelegatingFilterProxy.java:362) ~[spring-web-6.2.14.jar:6.2.14]
	at org.springframework.web.filter.DelegatingFilterProxy.doFilter(DelegatingFilterProxy.java:278) ~[spring-web-6.2.14.jar:6.2.14]
	at org.apache.catalina.core.ApplicationFilterChain.internalDoFilter(ApplicationFilterChain.java:162) ~[tomcat-embed-core-10.1.49.jar:10.1.49]
	at org.apache.catalina.core.ApplicationFilterChain.doFilter(ApplicationFilterChain.java:138) ~[tomcat-embed-core-10.1.49.jar:10.1.49]
	at org.springframework.web.filter.RequestContextFilter.doFilterInternal(RequestContextFilter.java:100) ~[spring-web-6.2.14.jar:6.2.14]
	at org.springframework.web.filter.OncePerRequestFilter.doFilter(OncePerRequestFilter.java:116) ~[spring-web-6.2.14.jar:6.2.14]
	at org.apache.catalina.core.ApplicationFilterChain.internalDoFilter(ApplicationFilterChain.java:162) ~[tomcat-embed-core-10.1.49.jar:10.1.49]
	at org.apache.catalina.core.ApplicationFilterChain.doFilter(ApplicationFilterChain.java:138) ~[tomcat-embed-core-10.1.49.jar:10.1.49]
	at org.springframework.web.filter.FormContentFilter.doFilterInternal(FormContentFilter.java:93) ~[spring-web-6.2.14.jar:6.2.14]
	at org.springframework.web.filter.OncePerRequestFilter.doFilter(OncePerRequestFilter.java:116) ~[spring-web-6.2.14.jar:6.2.14]
	at org.apache.catalina.core.ApplicationFilterChain.internalDoFilter(ApplicationFilterChain.java:162) ~[tomcat-embed-core-10.1.49.jar:10.1.49]
	at org.apache.catalina.core.ApplicationFilterChain.doFilter(ApplicationFilterChain.java:138) ~[tomcat-embed-core-10.1.49.jar:10.1.49]
	at org.springframework.web.filter.CharacterEncodingFilter.doFilterInternal(CharacterEncodingFilter.java:201) ~[spring-web-6.2.14.jar:6.2.14]
	at org.springframework.web.filter.OncePerRequestFilter.doFilter(OncePerRequestFilter.java:116) ~[spring-web-6.2.14.jar:6.2.14]
	at org.apache.catalina.core.ApplicationFilterChain.internalDoFilter(ApplicationFilterChain.java:162) ~[tomcat-embed-core-10.1.49.jar:10.1.49]
	at org.apache.catalina.core.ApplicationFilterChain.doFilter(ApplicationFilterChain.java:138) ~[tomcat-embed-core-10.1.49.jar:10.1.49]
	at org.apache.catalina.core.StandardWrapperValve.invoke(StandardWrapperValve.java:165) ~[tomcat-embed-core-10.1.49.jar:10.1.49]
	at org.apache.catalina.core.StandardContextValve.invoke(StandardContextValve.java:88) ~[tomcat-embed-core-10.1.49.jar:10.1.49]
	at org.apache.catalina.authenticator.AuthenticatorBase.invoke(AuthenticatorBase.java:482) ~[tomcat-embed-core-10.1.49.jar:10.1.49]
	at org.apache.catalina.core.StandardHostValve.invoke(StandardHostValve.java:113) ~[tomcat-embed-core-10.1.49.jar:10.1.49]
	at org.apache.catalina.valves.ErrorReportValve.invoke(ErrorReportValve.java:83) ~[tomcat-embed-core-10.1.49.jar:10.1.49]
	at org.apache.catalina.core.StandardEngineValve.invoke(StandardEngineValve.java:72) ~[tomcat-embed-core-10.1.49.jar:10.1.49]
	at org.apache.catalina.connector.CoyoteAdapter.service(CoyoteAdapter.java:342) ~[tomcat-embed-core-10.1.49.jar:10.1.49]
	at org.apache.coyote.http11.Http11Processor.service(Http11Processor.java:399) ~[tomcat-embed-core-10.1.49.jar:10.1.49]
	at org.apache.coyote.AbstractProcessorLight.process(AbstractProcessorLight.java:63) ~[tomcat-embed-core-10.1.49.jar:10.1.49]
	at org.apache.coyote.AbstractProtocol$ConnectionHandler.process(AbstractProtocol.java:903) ~[tomcat-embed-core-10.1.49.jar:10.1.49]
	at org.apache.tomcat.util.net.NioEndpoint$SocketProcessor.doRun(NioEndpoint.java:1774) ~[tomcat-embed-core-10.1.49.jar:10.1.49]
	at org.apache.tomcat.util.net.SocketProcessorBase.run(SocketProcessorBase.java:52) ~[tomcat-embed-core-10.1.49.jar:10.1.49]
	at org.apache.tomcat.util.threads.ThreadPoolExecutor.runWorker(ThreadPoolExecutor.java:973) ~[tomcat-embed-core-10.1.49.jar:10.1.49]
	at org.apache.tomcat.util.threads.ThreadPoolExecutor$Worker.run(ThreadPoolExecutor.java:491) ~[tomcat-embed-core-10.1.49.jar:10.1.49]
	at org.apache.tomcat.util.threads.TaskThread$WrappingRunnable.run(TaskThread.java:63) ~[tomcat-embed-core-10.1.49.jar:10.1.49]
	at java.base/java.lang.Thread.run(Thread.java:1474) ~[na:na]

2025-11-28T01:37:06.735+05:30 ERROR 1807899 --- [nio-8080-exec-4] o.a.c.c.C.[.[.[/].[dispatcherServlet]    : Servlet.service() for servlet [dispatcherServlet] in context with path [] threw exception [Request processing failed: org.thymeleaf.exceptions.TemplateInputException: Error resolving template [pages/profile], template might not exist or might not be accessible by any of the configured Template Resolvers] with root cause

org.thymeleaf.exceptions.TemplateInputException: Error resolving template [pages/profile], template might not exist or might not be accessible by any of the configured Template Resolvers
	at org.thymeleaf.engine.TemplateManager.resolveTemplate(TemplateManager.java:869) ~[thymeleaf-3.1.3.RELEASE.jar:3.1.3.RELEASE]
	at org.thymeleaf.engine.TemplateManager.parseAndProcess(TemplateManager.java:607) ~[thymeleaf-3.1.3.RELEASE.jar:3.1.3.RELEASE]
	at org.thymeleaf.TemplateEngine.process(TemplateEngine.java:1103) ~[thymeleaf-3.1.3.RELEASE.jar:3.1.3.RELEASE]
	at org.thymeleaf.TemplateEngine.process(TemplateEngine.java:1077) ~[thymeleaf-3.1.3.RELEASE.jar:3.1.3.RELEASE]
	at org.thymeleaf.spring6.view.ThymeleafView.renderFragment(ThymeleafView.java:372) ~[thymeleaf-spring6-3.1.3.RELEASE.jar:3.1.3.RELEASE]
	at org.thymeleaf.spring6.view.ThymeleafView.render(ThymeleafView.java:192) ~[thymeleaf-spring6-3.1.3.RELEASE.jar:3.1.3.RELEASE]
	at org.springframework.web.servlet.DispatcherServlet.render(DispatcherServlet.java:1438) ~[spring-webmvc-6.2.14.jar:6.2.14]
	at org.springframework.web.servlet.DispatcherServlet.processDispatchResult(DispatcherServlet.java:1168) ~[spring-webmvc-6.2.14.jar:6.2.14]
	at org.springframework.web.servlet.DispatcherServlet.doDispatch(DispatcherServlet.java:1106) ~[spring-webmvc-6.2.14.jar:6.2.14]
	at org.springframework.web.servlet.DispatcherServlet.doService(DispatcherServlet.java:979) ~[spring-webmvc-6.2.14.jar:6.2.14]
	at org.springframework.web.servlet.FrameworkServlet.processRequest(FrameworkServlet.java:1014) ~[spring-webmvc-6.2.14.jar:6.2.14]
	at org.springframework.web.servlet.FrameworkServlet.doGet(FrameworkServlet.java:903) ~[spring-webmvc-6.2.14.jar:6.2.14]
	at jakarta.servlet.http.HttpServlet.service(HttpServlet.java:564) ~[tomcat-embed-core-10.1.49.jar:6.0]
	at org.springframework.web.servlet.FrameworkServlet.service(FrameworkServlet.java:885) ~[spring-webmvc-6.2.14.jar:6.2.14]
	at jakarta.servlet.http.HttpServlet.service(HttpServlet.java:658) ~[tomcat-embed-core-10.1.49.jar:6.0]
	at org.apache.catalina.core.ApplicationFilterChain.internalDoFilter(ApplicationFilterChain.java:193) ~[tomcat-embed-core-10.1.49.jar:10.1.49]
	at org.apache.catalina.core.ApplicationFilterChain.doFilter(ApplicationFilterChain.java:138) ~[tomcat-embed-core-10.1.49.jar:10.1.49]
	at org.apache.tomcat.websocket.server.WsFilter.doFilter(WsFilter.java:51) ~[tomcat-embed-websocket-10.1.49.jar:10.1.49]
	at org.apache.catalina.core.ApplicationFilterChain.internalDoFilter(ApplicationFilterChain.java:162) ~[tomcat-embed-core-10.1.49.jar:10.1.49]
	at org.apache.catalina.core.ApplicationFilterChain.doFilter(ApplicationFilterChain.java:138) ~[tomcat-embed-core-10.1.49.jar:10.1.49]
	at org.springframework.web.filter.CompositeFilter$VirtualFilterChain.doFilter(CompositeFilter.java:108) ~[spring-web-6.2.14.jar:6.2.14]
	at org.springframework.security.web.FilterChainProxy.lambda$doFilterInternal$3(FilterChainProxy.java:231) ~[spring-security-web-6.4.13.jar:6.4.13]
	at org.springframework.security.web.FilterChainProxy$VirtualFilterChain.doFilter(FilterChainProxy.java:365) ~[spring-security-web-6.4.13.jar:6.4.13]
	at org.springframework.security.web.access.intercept.AuthorizationFilter.doFilter(AuthorizationFilter.java:101) ~[spring-security-web-6.4.13.jar:6.4.13]
	at org.springframework.security.web.FilterChainProxy$VirtualFilterChain.doFilter(FilterChainProxy.java:374) ~[spring-security-web-6.4.13.jar:6.4.13]
	at org.springframework.security.web.access.ExceptionTranslationFilter.doFilter(ExceptionTranslationFilter.java:126) ~[spring-security-web-6.4.13.jar:6.4.13]
	at org.springframework.security.web.access.ExceptionTranslationFilter.doFilter(ExceptionTranslationFilter.java:120) ~[spring-security-web-6.4.13.jar:6.4.13]
	at org.springframework.security.web.FilterChainProxy$VirtualFilterChain.doFilter(FilterChainProxy.java:374) ~[spring-security-web-6.4.13.jar:6.4.13]
	at org.springframework.security.web.authentication.AnonymousAuthenticationFilter.doFilter(AnonymousAuthenticationFilter.java:100) ~[spring-security-web-6.4.13.jar:6.4.13]
	at org.springframework.security.web.FilterChainProxy$VirtualFilterChain.doFilter(FilterChainProxy.java:374) ~[spring-security-web-6.4.13.jar:6.4.13]
	at org.springframework.security.web.servletapi.SecurityContextHolderAwareRequestFilter.doFilter(SecurityContextHolderAwareRequestFilter.java:179) ~[spring-security-web-6.4.13.jar:6.4.13]
	at org.springframework.security.web.FilterChainProxy$VirtualFilterChain.doFilter(FilterChainProxy.java:374) ~[spring-security-web-6.4.13.jar:6.4.13]
	at org.springframework.security.web.savedrequest.RequestCacheAwareFilter.doFilter(RequestCacheAwareFilter.java:63) ~[spring-security-web-6.4.13.jar:6.4.13]
	at org.springframework.security.web.FilterChainProxy$VirtualFilterChain.doFilter(FilterChainProxy.java:374) ~[spring-security-web-6.4.13.jar:6.4.13]
	at org.springframework.security.web.authentication.AbstractAuthenticationProcessingFilter.doFilter(AbstractAuthenticationProcessingFilter.java:227) ~[spring-security-web-6.4.13.jar:6.4.13]
	at org.springframework.security.web.authentication.AbstractAuthenticationProcessingFilter.doFilter(AbstractAuthenticationProcessingFilter.java:221) ~[spring-security-web-6.4.13.jar:6.4.13]
	at org.springframework.security.web.FilterChainProxy$VirtualFilterChain.doFilter(FilterChainProxy.java:374) ~[spring-security-web-6.4.13.jar:6.4.13]
	at org.springframework.security.web.authentication.logout.LogoutFilter.doFilter(LogoutFilter.java:107) ~[spring-security-web-6.4.13.jar:6.4.13]
	at org.springframework.security.web.authentication.logout.LogoutFilter.doFilter(LogoutFilter.java:93) ~[spring-security-web-6.4.13.jar:6.4.13]
	at org.springframework.security.web.FilterChainProxy$VirtualFilterChain.doFilter(FilterChainProxy.java:374) ~[spring-security-web-6.4.13.jar:6.4.13]
	at org.springframework.security.web.csrf.CsrfFilter.doFilterInternal(CsrfFilter.java:117) ~[spring-security-web-6.4.13.jar:6.4.13]
	at org.springframework.web.filter.OncePerRequestFilter.doFilter(OncePerRequestFilter.java:116) ~[spring-web-6.2.14.jar:6.2.14]
	at org.springframework.security.web.FilterChainProxy$VirtualFilterChain.doFilter(FilterChainProxy.java:374) ~[spring-security-web-6.4.13.jar:6.4.13]
	at org.springframework.security.web.header.HeaderWriterFilter.doHeadersAfter(HeaderWriterFilter.java:90) ~[spring-security-web-6.4.13.jar:6.4.13]
	at org.springframework.security.web.header.HeaderWriterFilter.doFilterInternal(HeaderWriterFilter.java:75) ~[spring-security-web-6.4.13.jar:6.4.13]
	at org.springframework.web.filter.OncePerRequestFilter.doFilter(OncePerRequestFilter.java:116) ~[spring-web-6.2.14.jar:6.2.14]
	at org.springframework.security.web.FilterChainProxy$VirtualFilterChain.doFilter(FilterChainProxy.java:374) ~[spring-security-web-6.4.13.jar:6.4.13]
	at org.springframework.security.web.context.SecurityContextHolderFilter.doFilter(SecurityContextHolderFilter.java:82) ~[spring-security-web-6.4.13.jar:6.4.13]
	at org.springframework.security.web.context.SecurityContextHolderFilter.doFilter(SecurityContextHolderFilter.java:69) ~[spring-security-web-6.4.13.jar:6.4.13]
	at org.springframework.security.web.FilterChainProxy$VirtualFilterChain.doFilter(FilterChainProxy.java:374) ~[spring-security-web-6.4.13.jar:6.4.13]
	at org.springframework.security.web.context.request.async.WebAsyncManagerIntegrationFilter.doFilterInternal(WebAsyncManagerIntegrationFilter.java:62) ~[spring-security-web-6.4.13.jar:6.4.13]
	at org.springframework.web.filter.OncePerRequestFilter.doFilter(OncePerRequestFilter.java:116) ~[spring-web-6.2.14.jar:6.2.14]
	at org.springframework.security.web.FilterChainProxy$VirtualFilterChain.doFilter(FilterChainProxy.java:374) ~[spring-security-web-6.4.13.jar:6.4.13]
	at org.springframework.security.web.session.DisableEncodeUrlFilter.doFilterInternal(DisableEncodeUrlFilter.java:42) ~[spring-security-web-6.4.13.jar:6.4.13]
	at org.springframework.web.filter.OncePerRequestFilter.doFilter(OncePerRequestFilter.java:116) ~[spring-web-6.2.14.jar:6.2.14]
	at org.springframework.security.web.FilterChainProxy$VirtualFilterChain.doFilter(FilterChainProxy.java:374) ~[spring-security-web-6.4.13.jar:6.4.13]
	at org.springframework.security.web.FilterChainProxy.doFilterInternal(FilterChainProxy.java:233) ~[spring-security-web-6.4.13.jar:6.4.13]
	at org.springframework.security.web.FilterChainProxy.doFilter(FilterChainProxy.java:191) ~[spring-security-web-6.4.13.jar:6.4.13]
	at org.springframework.web.filter.CompositeFilter$VirtualFilterChain.doFilter(CompositeFilter.java:113) ~[spring-web-6.2.14.jar:6.2.14]
	at org.springframework.web.servlet.handler.HandlerMappingIntrospector.lambda$createCacheFilter$4(HandlerMappingIntrospector.java:267) ~[spring-webmvc-6.2.14.jar:6.2.14]
	at org.springframework.web.filter.CompositeFilter$VirtualFilterChain.doFilter(CompositeFilter.java:113) ~[spring-web-6.2.14.jar:6.2.14]
	at org.springframework.web.filter.CompositeFilter.doFilter(CompositeFilter.java:74) ~[spring-web-6.2.14.jar:6.2.14]
	at org.springframework.security.config.annotation.web.configuration.WebMvcSecurityConfiguration$CompositeFilterChainProxy.doFilter(WebMvcSecurityConfiguration.java:238) ~[spring-security-config-6.4.13.jar:6.4.13]
	at org.springframework.web.filter.DelegatingFilterProxy.invokeDelegate(DelegatingFilterProxy.java:362) ~[spring-web-6.2.14.jar:6.2.14]
	at org.springframework.web.filter.DelegatingFilterProxy.doFilter(DelegatingFilterProxy.java:278) ~[spring-web-6.2.14.jar:6.2.14]
	at org.apache.catalina.core.ApplicationFilterChain.internalDoFilter(ApplicationFilterChain.java:162) ~[tomcat-embed-core-10.1.49.jar:10.1.49]
	at org.apache.catalina.core.ApplicationFilterChain.doFilter(ApplicationFilterChain.java:138) ~[tomcat-embed-core-10.1.49.jar:10.1.49]
	at org.springframework.web.filter.RequestContextFilter.doFilterInternal(RequestContextFilter.java:100) ~[spring-web-6.2.14.jar:6.2.14]
	at org.springframework.web.filter.OncePerRequestFilter.doFilter(OncePerRequestFilter.java:116) ~[spring-web-6.2.14.jar:6.2.14]
	at org.apache.catalina.core.ApplicationFilterChain.internalDoFilter(ApplicationFilterChain.java:162) ~[tomcat-embed-core-10.1.49.jar:10.1.49]
	at org.apache.catalina.core.ApplicationFilterChain.doFilter(ApplicationFilterChain.java:138) ~[tomcat-embed-core-10.1.49.jar:10.1.49]
	at org.springframework.web.filter.FormContentFilter.doFilterInternal(FormContentFilter.java:93) ~[spring-web-6.2.14.jar:6.2.14]
	at org.springframework.web.filter.OncePerRequestFilter.doFilter(OncePerRequestFilter.java:116) ~[spring-web-6.2.14.jar:6.2.14]
	at org.apache.catalina.core.ApplicationFilterChain.internalDoFilter(ApplicationFilterChain.java:162) ~[tomcat-embed-core-10.1.49.jar:10.1.49]
	at org.apache.catalina.core.ApplicationFilterChain.doFilter(ApplicationFilterChain.java:138) ~[tomcat-embed-core-10.1.49.jar:10.1.49]
	at org.springframework.web.filter.CharacterEncodingFilter.doFilterInternal(CharacterEncodingFilter.java:201) ~[spring-web-6.2.14.jar:6.2.14]
	at org.springframework.web.filter.OncePerRequestFilter.doFilter(OncePerRequestFilter.java:116) ~[spring-web-6.2.14.jar:6.2.14]
	at org.apache.catalina.core.ApplicationFilterChain.internalDoFilter(ApplicationFilterChain.java:162) ~[tomcat-embed-core-10.1.49.jar:10.1.49]
	at org.apache.catalina.core.ApplicationFilterChain.doFilter(ApplicationFilterChain.java:138) ~[tomcat-embed-core-10.1.49.jar:10.1.49]
	at org.apache.catalina.core.StandardWrapperValve.invoke(StandardWrapperValve.java:165) ~[tomcat-embed-core-10.1.49.jar:10.1.49]
	at org.apache.catalina.core.StandardContextValve.invoke(StandardContextValve.java:88) ~[tomcat-embed-core-10.1.49.jar:10.1.49]
	at org.apache.catalina.authenticator.AuthenticatorBase.invoke(AuthenticatorBase.java:482) ~[tomcat-embed-core-10.1.49.jar:10.1.49]
	at org.apache.catalina.core.StandardHostValve.invoke(StandardHostValve.java:113) ~[tomcat-embed-core-10.1.49.jar:10.1.49]
	at org.apache.catalina.valves.ErrorReportValve.invoke(ErrorReportValve.java:83) ~[tomcat-embed-core-10.1.49.jar:10.1.49]
	at org.apache.catalina.core.StandardEngineValve.invoke(StandardEngineValve.java:72) ~[tomcat-embed-core-10.1.49.jar:10.1.49]
	at org.apache.catalina.connector.CoyoteAdapter.service(CoyoteAdapter.java:342) ~[tomcat-embed-core-10.1.49.jar:10.1.49]
	at org.apache.coyote.http11.Http11Processor.service(Http11Processor.java:399) ~[tomcat-embed-core-10.1.49.jar:10.1.49]
	at org.apache.coyote.AbstractProcessorLight.process(AbstractProcessorLight.java:63) ~[tomcat-embed-core-10.1.49.jar:10.1.49]
	at org.apache.coyote.AbstractProtocol$ConnectionHandler.process(AbstractProtocol.java:903) ~[tomcat-embed-core-10.1.49.jar:10.1.49]
	at org.apache.tomcat.util.net.NioEndpoint$SocketProcessor.doRun(NioEndpoint.java:1774) ~[tomcat-embed-core-10.1.49.jar:10.1.49]
	at org.apache.tomcat.util.net.SocketProcessorBase.run(SocketProcessorBase.java:52) ~[tomcat-embed-core-10.1.49.jar:10.1.49]
	at org.apache.tomcat.util.threads.ThreadPoolExecutor.runWorker(ThreadPoolExecutor.java:973) ~[tomcat-embed-core-10.1.49.jar:10.1.49]
	at org.apache.tomcat.util.threads.ThreadPoolExecutor$Worker.run(ThreadPoolExecutor.java:491) ~[tomcat-embed-core-10.1.49.jar:10.1.49]
	at org.apache.tomcat.util.threads.TaskThread$WrappingRunnable.run(TaskThread.java:63) ~[tomcat-embed-core-10.1.49.jar:10.1.49]
	at java.base/java.lang.Thread.run(Thread.java:1474) ~[na:na]

2025-11-28T01:37:08.806+05:30 ERROR 1807899 --- [nio-8080-exec-6] org.thymeleaf.TemplateEngine             : [THYMELEAF][http-nio-8080-exec-6] Exception processing template "pages/settings": Error resolving template [pages/settings], template might not exist or might not be accessible by any of the configured Template Resolvers

org.thymeleaf.exceptions.TemplateInputException: Error resolving template [pages/settings], template might not exist or might not be accessible by any of the configured Template Resolvers
	at org.thymeleaf.engine.TemplateManager.resolveTemplate(TemplateManager.java:869) ~[thymeleaf-3.1.3.RELEASE.jar:3.1.3.RELEASE]
	at org.thymeleaf.engine.TemplateManager.parseAndProcess(TemplateManager.java:607) ~[thymeleaf-3.1.3.RELEASE.jar:3.1.3.RELEASE]
	at org.thymeleaf.TemplateEngine.process(TemplateEngine.java:1103) ~[thymeleaf-3.1.3.RELEASE.jar:3.1.3.RELEASE]
	at org.thymeleaf.TemplateEngine.process(TemplateEngine.java:1077) ~[thymeleaf-3.1.3.RELEASE.jar:3.1.3.RELEASE]
	at org.thymeleaf.spring6.view.ThymeleafView.renderFragment(ThymeleafView.java:372) ~[thymeleaf-spring6-3.1.3.RELEASE.jar:3.1.3.RELEASE]
	at org.thymeleaf.spring6.view.ThymeleafView.render(ThymeleafView.java:192) ~[thymeleaf-spring6-3.1.3.RELEASE.jar:3.1.3.RELEASE]
	at org.springframework.web.servlet.DispatcherServlet.render(DispatcherServlet.java:1438) ~[spring-webmvc-6.2.14.jar:6.2.14]
	at org.springframework.web.servlet.DispatcherServlet.processDispatchResult(DispatcherServlet.java:1168) ~[spring-webmvc-6.2.14.jar:6.2.14]
	at org.springframework.web.servlet.DispatcherServlet.doDispatch(DispatcherServlet.java:1106) ~[spring-webmvc-6.2.14.jar:6.2.14]
	at org.springframework.web.servlet.DispatcherServlet.doService(DispatcherServlet.java:979) ~[spring-webmvc-6.2.14.jar:6.2.14]
	at org.springframework.web.servlet.FrameworkServlet.processRequest(FrameworkServlet.java:1014) ~[spring-webmvc-6.2.14.jar:6.2.14]
	at org.springframework.web.servlet.FrameworkServlet.doGet(FrameworkServlet.java:903) ~[spring-webmvc-6.2.14.jar:6.2.14]
	at jakarta.servlet.http.HttpServlet.service(HttpServlet.java:564) ~[tomcat-embed-core-10.1.49.jar:6.0]
	at org.springframework.web.servlet.FrameworkServlet.service(FrameworkServlet.java:885) ~[spring-webmvc-6.2.14.jar:6.2.14]
	at jakarta.servlet.http.HttpServlet.service(HttpServlet.java:658) ~[tomcat-embed-core-10.1.49.jar:6.0]
	at org.apache.catalina.core.ApplicationFilterChain.internalDoFilter(ApplicationFilterChain.java:193) ~[tomcat-embed-core-10.1.49.jar:10.1.49]
	at org.apache.catalina.core.ApplicationFilterChain.doFilter(ApplicationFilterChain.java:138) ~[tomcat-embed-core-10.1.49.jar:10.1.49]
	at org.apache.tomcat.websocket.server.WsFilter.doFilter(WsFilter.java:51) ~[tomcat-embed-websocket-10.1.49.jar:10.1.49]
	at org.apache.catalina.core.ApplicationFilterChain.internalDoFilter(ApplicationFilterChain.java:162) ~[tomcat-embed-core-10.1.49.jar:10.1.49]
	at org.apache.catalina.core.ApplicationFilterChain.doFilter(ApplicationFilterChain.java:138) ~[tomcat-embed-core-10.1.49.jar:10.1.49]
	at org.springframework.web.filter.CompositeFilter$VirtualFilterChain.doFilter(CompositeFilter.java:108) ~[spring-web-6.2.14.jar:6.2.14]
	at org.springframework.security.web.FilterChainProxy.lambda$doFilterInternal$3(FilterChainProxy.java:231) ~[spring-security-web-6.4.13.jar:6.4.13]
	at org.springframework.security.web.FilterChainProxy$VirtualFilterChain.doFilter(FilterChainProxy.java:365) ~[spring-security-web-6.4.13.jar:6.4.13]
	at org.springframework.security.web.access.intercept.AuthorizationFilter.doFilter(AuthorizationFilter.java:101) ~[spring-security-web-6.4.13.jar:6.4.13]
	at org.springframework.security.web.FilterChainProxy$VirtualFilterChain.doFilter(FilterChainProxy.java:374) ~[spring-security-web-6.4.13.jar:6.4.13]
	at org.springframework.security.web.access.ExceptionTranslationFilter.doFilter(ExceptionTranslationFilter.java:126) ~[spring-security-web-6.4.13.jar:6.4.13]
	at org.springframework.security.web.access.ExceptionTranslationFilter.doFilter(ExceptionTranslationFilter.java:120) ~[spring-security-web-6.4.13.jar:6.4.13]
	at org.springframework.security.web.FilterChainProxy$VirtualFilterChain.doFilter(FilterChainProxy.java:374) ~[spring-security-web-6.4.13.jar:6.4.13]
	at org.springframework.security.web.authentication.AnonymousAuthenticationFilter.doFilter(AnonymousAuthenticationFilter.java:100) ~[spring-security-web-6.4.13.jar:6.4.13]
	at org.springframework.security.web.FilterChainProxy$VirtualFilterChain.doFilter(FilterChainProxy.java:374) ~[spring-security-web-6.4.13.jar:6.4.13]
	at org.springframework.security.web.servletapi.SecurityContextHolderAwareRequestFilter.doFilter(SecurityContextHolderAwareRequestFilter.java:179) ~[spring-security-web-6.4.13.jar:6.4.13]
	at org.springframework.security.web.FilterChainProxy$VirtualFilterChain.doFilter(FilterChainProxy.java:374) ~[spring-security-web-6.4.13.jar:6.4.13]
	at org.springframework.security.web.savedrequest.RequestCacheAwareFilter.doFilter(RequestCacheAwareFilter.java:63) ~[spring-security-web-6.4.13.jar:6.4.13]
	at org.springframework.security.web.FilterChainProxy$VirtualFilterChain.doFilter(FilterChainProxy.java:374) ~[spring-security-web-6.4.13.jar:6.4.13]
	at org.springframework.security.web.authentication.AbstractAuthenticationProcessingFilter.doFilter(AbstractAuthenticationProcessingFilter.java:227) ~[spring-security-web-6.4.13.jar:6.4.13]
	at org.springframework.security.web.authentication.AbstractAuthenticationProcessingFilter.doFilter(AbstractAuthenticationProcessingFilter.java:221) ~[spring-security-web-6.4.13.jar:6.4.13]
	at org.springframework.security.web.FilterChainProxy$VirtualFilterChain.doFilter(FilterChainProxy.java:374) ~[spring-security-web-6.4.13.jar:6.4.13]
	at org.springframework.security.web.authentication.logout.LogoutFilter.doFilter(LogoutFilter.java:107) ~[spring-security-web-6.4.13.jar:6.4.13]
	at org.springframework.security.web.authentication.logout.LogoutFilter.doFilter(LogoutFilter.java:93) ~[spring-security-web-6.4.13.jar:6.4.13]
	at org.springframework.security.web.FilterChainProxy$VirtualFilterChain.doFilter(FilterChainProxy.java:374) ~[spring-security-web-6.4.13.jar:6.4.13]
	at org.springframework.security.web.csrf.CsrfFilter.doFilterInternal(CsrfFilter.java:117) ~[spring-security-web-6.4.13.jar:6.4.13]
	at org.springframework.web.filter.OncePerRequestFilter.doFilter(OncePerRequestFilter.java:116) ~[spring-web-6.2.14.jar:6.2.14]
	at org.springframework.security.web.FilterChainProxy$VirtualFilterChain.doFilter(FilterChainProxy.java:374) ~[spring-security-web-6.4.13.jar:6.4.13]
	at org.springframework.security.web.header.HeaderWriterFilter.doHeadersAfter(HeaderWriterFilter.java:90) ~[spring-security-web-6.4.13.jar:6.4.13]
	at org.springframework.security.web.header.HeaderWriterFilter.doFilterInternal(HeaderWriterFilter.java:75) ~[spring-security-web-6.4.13.jar:6.4.13]
	at org.springframework.web.filter.OncePerRequestFilter.doFilter(OncePerRequestFilter.java:116) ~[spring-web-6.2.14.jar:6.2.14]
	at org.springframework.security.web.FilterChainProxy$VirtualFilterChain.doFilter(FilterChainProxy.java:374) ~[spring-security-web-6.4.13.jar:6.4.13]
	at org.springframework.security.web.context.SecurityContextHolderFilter.doFilter(SecurityContextHolderFilter.java:82) ~[spring-security-web-6.4.13.jar:6.4.13]
	at org.springframework.security.web.context.SecurityContextHolderFilter.doFilter(SecurityContextHolderFilter.java:69) ~[spring-security-web-6.4.13.jar:6.4.13]
	at org.springframework.security.web.FilterChainProxy$VirtualFilterChain.doFilter(FilterChainProxy.java:374) ~[spring-security-web-6.4.13.jar:6.4.13]
	at org.springframework.security.web.context.request.async.WebAsyncManagerIntegrationFilter.doFilterInternal(WebAsyncManagerIntegrationFilter.java:62) ~[spring-security-web-6.4.13.jar:6.4.13]
	at org.springframework.web.filter.OncePerRequestFilter.doFilter(OncePerRequestFilter.java:116) ~[spring-web-6.2.14.jar:6.2.14]
	at org.springframework.security.web.FilterChainProxy$VirtualFilterChain.doFilter(FilterChainProxy.java:374) ~[spring-security-web-6.4.13.jar:6.4.13]
	at org.springframework.security.web.session.DisableEncodeUrlFilter.doFilterInternal(DisableEncodeUrlFilter.java:42) ~[spring-security-web-6.4.13.jar:6.4.13]
	at org.springframework.web.filter.OncePerRequestFilter.doFilter(OncePerRequestFilter.java:116) ~[spring-web-6.2.14.jar:6.2.14]
	at org.springframework.security.web.FilterChainProxy$VirtualFilterChain.doFilter(FilterChainProxy.java:374) ~[spring-security-web-6.4.13.jar:6.4.13]
	at org.springframework.security.web.FilterChainProxy.doFilterInternal(FilterChainProxy.java:233) ~[spring-security-web-6.4.13.jar:6.4.13]
	at org.springframework.security.web.FilterChainProxy.doFilter(FilterChainProxy.java:191) ~[spring-security-web-6.4.13.jar:6.4.13]
	at org.springframework.web.filter.CompositeFilter$VirtualFilterChain.doFilter(CompositeFilter.java:113) ~[spring-web-6.2.14.jar:6.2.14]
	at org.springframework.web.servlet.handler.HandlerMappingIntrospector.lambda$createCacheFilter$4(HandlerMappingIntrospector.java:267) ~[spring-webmvc-6.2.14.jar:6.2.14]
	at org.springframework.web.filter.CompositeFilter$VirtualFilterChain.doFilter(CompositeFilter.java:113) ~[spring-web-6.2.14.jar:6.2.14]
	at org.springframework.web.filter.CompositeFilter.doFilter(CompositeFilter.java:74) ~[spring-web-6.2.14.jar:6.2.14]
	at org.springframework.security.config.annotation.web.configuration.WebMvcSecurityConfiguration$CompositeFilterChainProxy.doFilter(WebMvcSecurityConfiguration.java:238) ~[spring-security-config-6.4.13.jar:6.4.13]
	at org.springframework.web.filter.DelegatingFilterProxy.invokeDelegate(DelegatingFilterProxy.java:362) ~[spring-web-6.2.14.jar:6.2.14]
	at org.springframework.web.filter.DelegatingFilterProxy.doFilter(DelegatingFilterProxy.java:278) ~[spring-web-6.2.14.jar:6.2.14]
	at org.apache.catalina.core.ApplicationFilterChain.internalDoFilter(ApplicationFilterChain.java:162) ~[tomcat-embed-core-10.1.49.jar:10.1.49]
	at org.apache.catalina.core.ApplicationFilterChain.doFilter(ApplicationFilterChain.java:138) ~[tomcat-embed-core-10.1.49.jar:10.1.49]
	at org.springframework.web.filter.RequestContextFilter.doFilterInternal(RequestContextFilter.java:100) ~[spring-web-6.2.14.jar:6.2.14]
	at org.springframework.web.filter.OncePerRequestFilter.doFilter(OncePerRequestFilter.java:116) ~[spring-web-6.2.14.jar:6.2.14]
	at org.apache.catalina.core.ApplicationFilterChain.internalDoFilter(ApplicationFilterChain.java:162) ~[tomcat-embed-core-10.1.49.jar:10.1.49]
	at org.apache.catalina.core.ApplicationFilterChain.doFilter(ApplicationFilterChain.java:138) ~[tomcat-embed-core-10.1.49.jar:10.1.49]
	at org.springframework.web.filter.FormContentFilter.doFilterInternal(FormContentFilter.java:93) ~[spring-web-6.2.14.jar:6.2.14]
	at org.springframework.web.filter.OncePerRequestFilter.doFilter(OncePerRequestFilter.java:116) ~[spring-web-6.2.14.jar:6.2.14]
	at org.apache.catalina.core.ApplicationFilterChain.internalDoFilter(ApplicationFilterChain.java:162) ~[tomcat-embed-core-10.1.49.jar:10.1.49]
	at org.apache.catalina.core.ApplicationFilterChain.doFilter(ApplicationFilterChain.java:138) ~[tomcat-embed-core-10.1.49.jar:10.1.49]
	at org.springframework.web.filter.CharacterEncodingFilter.doFilterInternal(CharacterEncodingFilter.java:201) ~[spring-web-6.2.14.jar:6.2.14]
	at org.springframework.web.filter.OncePerRequestFilter.doFilter(OncePerRequestFilter.java:116) ~[spring-web-6.2.14.jar:6.2.14]
	at org.apache.catalina.core.ApplicationFilterChain.internalDoFilter(ApplicationFilterChain.java:162) ~[tomcat-embed-core-10.1.49.jar:10.1.49]
	at org.apache.catalina.core.ApplicationFilterChain.doFilter(ApplicationFilterChain.java:138) ~[tomcat-embed-core-10.1.49.jar:10.1.49]
	at org.apache.catalina.core.StandardWrapperValve.invoke(StandardWrapperValve.java:165) ~[tomcat-embed-core-10.1.49.jar:10.1.49]
	at org.apache.catalina.core.StandardContextValve.invoke(StandardContextValve.java:88) ~[tomcat-embed-core-10.1.49.jar:10.1.49]
	at org.apache.catalina.authenticator.AuthenticatorBase.invoke(AuthenticatorBase.java:482) ~[tomcat-embed-core-10.1.49.jar:10.1.49]
	at org.apache.catalina.core.StandardHostValve.invoke(StandardHostValve.java:113) ~[tomcat-embed-core-10.1.49.jar:10.1.49]
	at org.apache.catalina.valves.ErrorReportValve.invoke(ErrorReportValve.java:83) ~[tomcat-embed-core-10.1.49.jar:10.1.49]
	at org.apache.catalina.core.StandardEngineValve.invoke(StandardEngineValve.java:72) ~[tomcat-embed-core-10.1.49.jar:10.1.49]
	at org.apache.catalina.connector.CoyoteAdapter.service(CoyoteAdapter.java:342) ~[tomcat-embed-core-10.1.49.jar:10.1.49]
	at org.apache.coyote.http11.Http11Processor.service(Http11Processor.java:399) ~[tomcat-embed-core-10.1.49.jar:10.1.49]
	at org.apache.coyote.AbstractProcessorLight.process(AbstractProcessorLight.java:63) ~[tomcat-embed-core-10.1.49.jar:10.1.49]
	at org.apache.coyote.AbstractProtocol$ConnectionHandler.process(AbstractProtocol.java:903) ~[tomcat-embed-core-10.1.49.jar:10.1.49]
	at org.apache.tomcat.util.net.NioEndpoint$SocketProcessor.doRun(NioEndpoint.java:1774) ~[tomcat-embed-core-10.1.49.jar:10.1.49]
	at org.apache.tomcat.util.net.SocketProcessorBase.run(SocketProcessorBase.java:52) ~[tomcat-embed-core-10.1.49.jar:10.1.49]
	at org.apache.tomcat.util.threads.ThreadPoolExecutor.runWorker(ThreadPoolExecutor.java:973) ~[tomcat-embed-core-10.1.49.jar:10.1.49]
	at org.apache.tomcat.util.threads.ThreadPoolExecutor$Worker.run(ThreadPoolExecutor.java:491) ~[tomcat-embed-core-10.1.49.jar:10.1.49]
	at org.apache.tomcat.util.threads.TaskThread$WrappingRunnable.run(TaskThread.java:63) ~[tomcat-embed-core-10.1.49.jar:10.1.49]
	at java.base/java.lang.Thread.run(Thread.java:1474) ~[na:na]

2025-11-28T01:37:08.807+05:30 ERROR 1807899 --- [nio-8080-exec-6] o.a.c.c.C.[.[.[/].[dispatcherServlet]    : Servlet.service() for servlet [dispatcherServlet] in context with path [] threw exception [Request processing failed: org.thymeleaf.exceptions.TemplateInputException: Error resolving template [pages/settings], template might not exist or might not be accessible by any of the configured Template Resolvers] with root cause

org.thymeleaf.exceptions.TemplateInputException: Error resolving template [pages/settings], template might not exist or might not be accessible by any of the configured Template Resolvers
	at org.thymeleaf.engine.TemplateManager.resolveTemplate(TemplateManager.java:869) ~[thymeleaf-3.1.3.RELEASE.jar:3.1.3.RELEASE]
	at org.thymeleaf.engine.TemplateManager.parseAndProcess(TemplateManager.java:607) ~[thymeleaf-3.1.3.RELEASE.jar:3.1.3.RELEASE]
	at org.thymeleaf.TemplateEngine.process(TemplateEngine.java:1103) ~[thymeleaf-3.1.3.RELEASE.jar:3.1.3.RELEASE]
	at org.thymeleaf.TemplateEngine.process(TemplateEngine.java:1077) ~[thymeleaf-3.1.3.RELEASE.jar:3.1.3.RELEASE]
	at org.thymeleaf.spring6.view.ThymeleafView.renderFragment(ThymeleafView.java:372) ~[thymeleaf-spring6-3.1.3.RELEASE.jar:3.1.3.RELEASE]
	at org.thymeleaf.spring6.view.ThymeleafView.render(ThymeleafView.java:192) ~[thymeleaf-spring6-3.1.3.RELEASE.jar:3.1.3.RELEASE]
	at org.springframework.web.servlet.DispatcherServlet.render(DispatcherServlet.java:1438) ~[spring-webmvc-6.2.14.jar:6.2.14]
	at org.springframework.web.servlet.DispatcherServlet.processDispatchResult(DispatcherServlet.java:1168) ~[spring-webmvc-6.2.14.jar:6.2.14]
	at org.springframework.web.servlet.DispatcherServlet.doDispatch(DispatcherServlet.java:1106) ~[spring-webmvc-6.2.14.jar:6.2.14]
	at org.springframework.web.servlet.DispatcherServlet.doService(DispatcherServlet.java:979) ~[spring-webmvc-6.2.14.jar:6.2.14]
	at org.springframework.web.servlet.FrameworkServlet.processRequest(FrameworkServlet.java:1014) ~[spring-webmvc-6.2.14.jar:6.2.14]
	at org.springframework.web.servlet.FrameworkServlet.doGet(FrameworkServlet.java:903) ~[spring-webmvc-6.2.14.jar:6.2.14]
	at jakarta.servlet.http.HttpServlet.service(HttpServlet.java:564) ~[tomcat-embed-core-10.1.49.jar:6.0]
	at org.springframework.web.servlet.FrameworkServlet.service(FrameworkServlet.java:885) ~[spring-webmvc-6.2.14.jar:6.2.14]
	at jakarta.servlet.http.HttpServlet.service(HttpServlet.java:658) ~[tomcat-embed-core-10.1.49.jar:6.0]
	at org.apache.catalina.core.ApplicationFilterChain.internalDoFilter(ApplicationFilterChain.java:193) ~[tomcat-embed-core-10.1.49.jar:10.1.49]
	at org.apache.catalina.core.ApplicationFilterChain.doFilter(ApplicationFilterChain.java:138) ~[tomcat-embed-core-10.1.49.jar:10.1.49]
	at org.apache.tomcat.websocket.server.WsFilter.doFilter(WsFilter.java:51) ~[tomcat-embed-websocket-10.1.49.jar:10.1.49]
	at org.apache.catalina.core.ApplicationFilterChain.internalDoFilter(ApplicationFilterChain.java:162) ~[tomcat-embed-core-10.1.49.jar:10.1.49]
	at org.apache.catalina.core.ApplicationFilterChain.doFilter(ApplicationFilterChain.java:138) ~[tomcat-embed-core-10.1.49.jar:10.1.49]
	at org.springframework.web.filter.CompositeFilter$VirtualFilterChain.doFilter(CompositeFilter.java:108) ~[spring-web-6.2.14.jar:6.2.14]
	at org.springframework.security.web.FilterChainProxy.lambda$doFilterInternal$3(FilterChainProxy.java:231) ~[spring-security-web-6.4.13.jar:6.4.13]
	at org.springframework.security.web.FilterChainProxy$VirtualFilterChain.doFilter(FilterChainProxy.java:365) ~[spring-security-web-6.4.13.jar:6.4.13]
	at org.springframework.security.web.access.intercept.AuthorizationFilter.doFilter(AuthorizationFilter.java:101) ~[spring-security-web-6.4.13.jar:6.4.13]
	at org.springframework.security.web.FilterChainProxy$VirtualFilterChain.doFilter(FilterChainProxy.java:374) ~[spring-security-web-6.4.13.jar:6.4.13]
	at org.springframework.security.web.access.ExceptionTranslationFilter.doFilter(ExceptionTranslationFilter.java:126) ~[spring-security-web-6.4.13.jar:6.4.13]
	at org.springframework.security.web.access.ExceptionTranslationFilter.doFilter(ExceptionTranslationFilter.java:120) ~[spring-security-web-6.4.13.jar:6.4.13]
	at org.springframework.security.web.FilterChainProxy$VirtualFilterChain.doFilter(FilterChainProxy.java:374) ~[spring-security-web-6.4.13.jar:6.4.13]
	at org.springframework.security.web.authentication.AnonymousAuthenticationFilter.doFilter(AnonymousAuthenticationFilter.java:100) ~[spring-security-web-6.4.13.jar:6.4.13]
	at org.springframework.security.web.FilterChainProxy$VirtualFilterChain.doFilter(FilterChainProxy.java:374) ~[spring-security-web-6.4.13.jar:6.4.13]
	at org.springframework.security.web.servletapi.SecurityContextHolderAwareRequestFilter.doFilter(SecurityContextHolderAwareRequestFilter.java:179) ~[spring-security-web-6.4.13.jar:6.4.13]
	at org.springframework.security.web.FilterChainProxy$VirtualFilterChain.doFilter(FilterChainProxy.java:374) ~[spring-security-web-6.4.13.jar:6.4.13]
	at org.springframework.security.web.savedrequest.RequestCacheAwareFilter.doFilter(RequestCacheAwareFilter.java:63) ~[spring-security-web-6.4.13.jar:6.4.13]
	at org.springframework.security.web.FilterChainProxy$VirtualFilterChain.doFilter(FilterChainProxy.java:374) ~[spring-security-web-6.4.13.jar:6.4.13]
	at org.springframework.security.web.authentication.AbstractAuthenticationProcessingFilter.doFilter(AbstractAuthenticationProcessingFilter.java:227) ~[spring-security-web-6.4.13.jar:6.4.13]
	at org.springframework.security.web.authentication.AbstractAuthenticationProcessingFilter.doFilter(AbstractAuthenticationProcessingFilter.java:221) ~[spring-security-web-6.4.13.jar:6.4.13]
	at org.springframework.security.web.FilterChainProxy$VirtualFilterChain.doFilter(FilterChainProxy.java:374) ~[spring-security-web-6.4.13.jar:6.4.13]
	at org.springframework.security.web.authentication.logout.LogoutFilter.doFilter(LogoutFilter.java:107) ~[spring-security-web-6.4.13.jar:6.4.13]
	at org.springframework.security.web.authentication.logout.LogoutFilter.doFilter(LogoutFilter.java:93) ~[spring-security-web-6.4.13.jar:6.4.13]
	at org.springframework.security.web.FilterChainProxy$VirtualFilterChain.doFilter(FilterChainProxy.java:374) ~[spring-security-web-6.4.13.jar:6.4.13]
	at org.springframework.security.web.csrf.CsrfFilter.doFilterInternal(CsrfFilter.java:117) ~[spring-security-web-6.4.13.jar:6.4.13]
	at org.springframework.web.filter.OncePerRequestFilter.doFilter(OncePerRequestFilter.java:116) ~[spring-web-6.2.14.jar:6.2.14]
	at org.springframework.security.web.FilterChainProxy$VirtualFilterChain.doFilter(FilterChainProxy.java:374) ~[spring-security-web-6.4.13.jar:6.4.13]
	at org.springframework.security.web.header.HeaderWriterFilter.doHeadersAfter(HeaderWriterFilter.java:90) ~[spring-security-web-6.4.13.jar:6.4.13]
	at org.springframework.security.web.header.HeaderWriterFilter.doFilterInternal(HeaderWriterFilter.java:75) ~[spring-security-web-6.4.13.jar:6.4.13]
	at org.springframework.web.filter.OncePerRequestFilter.doFilter(OncePerRequestFilter.java:116) ~[spring-web-6.2.14.jar:6.2.14]
	at org.springframework.security.web.FilterChainProxy$VirtualFilterChain.doFilter(FilterChainProxy.java:374) ~[spring-security-web-6.4.13.jar:6.4.13]
	at org.springframework.security.web.context.SecurityContextHolderFilter.doFilter(SecurityContextHolderFilter.java:82) ~[spring-security-web-6.4.13.jar:6.4.13]
	at org.springframework.security.web.context.SecurityContextHolderFilter.doFilter(SecurityContextHolderFilter.java:69) ~[spring-security-web-6.4.13.jar:6.4.13]
	at org.springframework.security.web.FilterChainProxy$VirtualFilterChain.doFilter(FilterChainProxy.java:374) ~[spring-security-web-6.4.13.jar:6.4.13]
	at org.springframework.security.web.context.request.async.WebAsyncManagerIntegrationFilter.doFilterInternal(WebAsyncManagerIntegrationFilter.java:62) ~[spring-security-web-6.4.13.jar:6.4.13]
	at org.springframework.web.filter.OncePerRequestFilter.doFilter(OncePerRequestFilter.java:116) ~[spring-web-6.2.14.jar:6.2.14]
	at org.springframework.security.web.FilterChainProxy$VirtualFilterChain.doFilter(FilterChainProxy.java:374) ~[spring-security-web-6.4.13.jar:6.4.13]
	at org.springframework.security.web.session.DisableEncodeUrlFilter.doFilterInternal(DisableEncodeUrlFilter.java:42) ~[spring-security-web-6.4.13.jar:6.4.13]
	at org.springframework.web.filter.OncePerRequestFilter.doFilter(OncePerRequestFilter.java:116) ~[spring-web-6.2.14.jar:6.2.14]
	at org.springframework.security.web.FilterChainProxy$VirtualFilterChain.doFilter(FilterChainProxy.java:374) ~[spring-security-web-6.4.13.jar:6.4.13]
	at org.springframework.security.web.FilterChainProxy.doFilterInternal(FilterChainProxy.java:233) ~[spring-security-web-6.4.13.jar:6.4.13]
	at org.springframework.security.web.FilterChainProxy.doFilter(FilterChainProxy.java:191) ~[spring-security-web-6.4.13.jar:6.4.13]
	at org.springframework.web.filter.CompositeFilter$VirtualFilterChain.doFilter(CompositeFilter.java:113) ~[spring-web-6.2.14.jar:6.2.14]
	at org.springframework.web.servlet.handler.HandlerMappingIntrospector.lambda$createCacheFilter$4(HandlerMappingIntrospector.java:267) ~[spring-webmvc-6.2.14.jar:6.2.14]
	at org.springframework.web.filter.CompositeFilter$VirtualFilterChain.doFilter(CompositeFilter.java:113) ~[spring-web-6.2.14.jar:6.2.14]
	at org.springframework.web.filter.CompositeFilter.doFilter(CompositeFilter.java:74) ~[spring-web-6.2.14.jar:6.2.14]
	at org.springframework.security.config.annotation.web.configuration.WebMvcSecurityConfiguration$CompositeFilterChainProxy.doFilter(WebMvcSecurityConfiguration.java:238) ~[spring-security-config-6.4.13.jar:6.4.13]
	at org.springframework.web.filter.DelegatingFilterProxy.invokeDelegate(DelegatingFilterProxy.java:362) ~[spring-web-6.2.14.jar:6.2.14]
	at org.springframework.web.filter.DelegatingFilterProxy.doFilter(DelegatingFilterProxy.java:278) ~[spring-web-6.2.14.jar:6.2.14]
	at org.apache.catalina.core.ApplicationFilterChain.internalDoFilter(ApplicationFilterChain.java:162) ~[tomcat-embed-core-10.1.49.jar:10.1.49]
	at org.apache.catalina.core.ApplicationFilterChain.doFilter(ApplicationFilterChain.java:138) ~[tomcat-embed-core-10.1.49.jar:10.1.49]
	at org.springframework.web.filter.RequestContextFilter.doFilterInternal(RequestContextFilter.java:100) ~[spring-web-6.2.14.jar:6.2.14]
	at org.springframework.web.filter.OncePerRequestFilter.doFilter(OncePerRequestFilter.java:116) ~[spring-web-6.2.14.jar:6.2.14]
	at org.apache.catalina.core.ApplicationFilterChain.internalDoFilter(ApplicationFilterChain.java:162) ~[tomcat-embed-core-10.1.49.jar:10.1.49]
	at org.apache.catalina.core.ApplicationFilterChain.doFilter(ApplicationFilterChain.java:138) ~[tomcat-embed-core-10.1.49.jar:10.1.49]
	at org.springframework.web.filter.FormContentFilter.doFilterInternal(FormContentFilter.java:93) ~[spring-web-6.2.14.jar:6.2.14]
	at org.springframework.web.filter.OncePerRequestFilter.doFilter(OncePerRequestFilter.java:116) ~[spring-web-6.2.14.jar:6.2.14]
	at org.apache.catalina.core.ApplicationFilterChain.internalDoFilter(ApplicationFilterChain.java:162) ~[tomcat-embed-core-10.1.49.jar:10.1.49]
	at org.apache.catalina.core.ApplicationFilterChain.doFilter(ApplicationFilterChain.java:138) ~[tomcat-embed-core-10.1.49.jar:10.1.49]
	at org.springframework.web.filter.CharacterEncodingFilter.doFilterInternal(CharacterEncodingFilter.java:201) ~[spring-web-6.2.14.jar:6.2.14]
	at org.springframework.web.filter.OncePerRequestFilter.doFilter(OncePerRequestFilter.java:116) ~[spring-web-6.2.14.jar:6.2.14]
	at org.apache.catalina.core.ApplicationFilterChain.internalDoFilter(ApplicationFilterChain.java:162) ~[tomcat-embed-core-10.1.49.jar:10.1.49]
	at org.apache.catalina.core.ApplicationFilterChain.doFilter(ApplicationFilterChain.java:138) ~[tomcat-embed-core-10.1.49.jar:10.1.49]
	at org.apache.catalina.core.StandardWrapperValve.invoke(StandardWrapperValve.java:165) ~[tomcat-embed-core-10.1.49.jar:10.1.49]
	at org.apache.catalina.core.StandardContextValve.invoke(StandardContextValve.java:88) ~[tomcat-embed-core-10.1.49.jar:10.1.49]
	at org.apache.catalina.authenticator.AuthenticatorBase.invoke(AuthenticatorBase.java:482) ~[tomcat-embed-core-10.1.49.jar:10.1.49]
	at org.apache.catalina.core.StandardHostValve.invoke(StandardHostValve.java:113) ~[tomcat-embed-core-10.1.49.jar:10.1.49]
	at org.apache.catalina.valves.ErrorReportValve.invoke(ErrorReportValve.java:83) ~[tomcat-embed-core-10.1.49.jar:10.1.49]
	at org.apache.catalina.core.StandardEngineValve.invoke(StandardEngineValve.java:72) ~[tomcat-embed-core-10.1.49.jar:10.1.49]
	at org.apache.catalina.connector.CoyoteAdapter.service(CoyoteAdapter.java:342) ~[tomcat-embed-core-10.1.49.jar:10.1.49]
	at org.apache.coyote.http11.Http11Processor.service(Http11Processor.java:399) ~[tomcat-embed-core-10.1.49.jar:10.1.49]
	at org.apache.coyote.AbstractProcessorLight.process(AbstractProcessorLight.java:63) ~[tomcat-embed-core-10.1.49.jar:10.1.49]
	at org.apache.coyote.AbstractProtocol$ConnectionHandler.process(AbstractProtocol.java:903) ~[tomcat-embed-core-10.1.49.jar:10.1.49]
	at org.apache.tomcat.util.net.NioEndpoint$SocketProcessor.doRun(NioEndpoint.java:1774) ~[tomcat-embed-core-10.1.49.jar:10.1.49]
	at org.apache.tomcat.util.net.SocketProcessorBase.run(SocketProcessorBase.java:52) ~[tomcat-embed-core-10.1.49.jar:10.1.49]
	at org.apache.tomcat.util.threads.ThreadPoolExecutor.runWorker(ThreadPoolExecutor.java:973) ~[tomcat-embed-core-10.1.49.jar:10.1.49]
	at org.apache.tomcat.util.threads.ThreadPoolExecutor$Worker.run(ThreadPoolExecutor.java:491) ~[tomcat-embed-core-10.1.49.jar:10.1.49]
	at org.apache.tomcat.util.threads.TaskThread$WrappingRunnable.run(TaskThread.java:63) ~[tomcat-embed-core-10.1.49.jar:10.1.49]
	at java.base/java.lang.Thread.run(Thread.java:1474) ~[na:na]

Hibernate: select u1_0.id,u1_0.password,u1_0.role,u1_0.username from users u1_0 where u1_0.username=?
Hibernate: select t1_0.id,t1_0.day_of_week,t1_0.end_time,t1_0.faculty_name,t1_0.room,t1_0.start_time,t1_0.student_id,t1_0.subject from timetable t1_0 where t1_0.student_id=? order by t1_0.day_of_week,t1_0.start_time
Hibernate: select u1_0.id,u1_0.password,u1_0.role,u1_0.username from users u1_0 where u1_0.username=?
Hibernate: select co1_0.id,co1_0.capacity,co1_0.course_id,co1_0.created_at,co1_0.faculty_id,co1_0.section_code,co1_0.semester from course_offerings co1_0
Hibernate: select c1_0.id,c1_0.code,c1_0.created_at,c1_0.credits,c1_0.description,c1_0.title from courses c1_0 where c1_0.id=?
Hibernate: select f1_0.id,f1_0.created_at,f1_0.department,f1_0.email,f1_0.first_name,f1_0.is_active,f1_0.last_name,f1_0.phone,f1_0.updated_at from faculty f1_0 where f1_0.id=?
Hibernate: select count(se1_0.id) from student_enrollments se1_0 left join course_offerings o1_0 on o1_0.id=se1_0.offering_id where o1_0.id=? and se1_0.status=?
Hibernate: select f1_0.id,f1_0.created_at,f1_0.department,f1_0.email,f1_0.first_name,f1_0.is_active,f1_0.last_name,f1_0.phone,f1_0.updated_at from faculty f1_0 where f1_0.id=?
Hibernate: select count(se1_0.id) from student_enrollments se1_0 left join course_offerings o1_0 on o1_0.id=se1_0.offering_id where o1_0.id=? and se1_0.status=?
Hibernate: select c1_0.id,c1_0.code,c1_0.created_at,c1_0.credits,c1_0.description,c1_0.title from courses c1_0 where c1_0.id=?
Hibernate: select count(se1_0.id) from student_enrollments se1_0 left join course_offerings o1_0 on o1_0.id=se1_0.offering_id where o1_0.id=? and se1_0.status=?
Hibernate: select c1_0.id,c1_0.code,c1_0.created_at,c1_0.credits,c1_0.description,c1_0.title from courses c1_0 where c1_0.id=?
Hibernate: select count(se1_0.id) from student_enrollments se1_0 left join course_offerings o1_0 on o1_0.id=se1_0.offering_id where o1_0.id=? and se1_0.status=?
Hibernate: select f1_0.id,f1_0.created_at,f1_0.department,f1_0.email,f1_0.first_name,f1_0.is_active,f1_0.last_name,f1_0.phone,f1_0.updated_at from faculty f1_0 where f1_0.id=?
Hibernate: select count(se1_0.id) from student_enrollments se1_0 left join course_offerings o1_0 on o1_0.id=se1_0.offering_id where o1_0.id=? and se1_0.status=?
Hibernate: select c1_0.id,c1_0.code,c1_0.created_at,c1_0.credits,c1_0.description,c1_0.title from courses c1_0 where c1_0.id=?
Hibernate: select count(se1_0.id) from student_enrollments se1_0 left join course_offerings o1_0 on o1_0.id=se1_0.offering_id where o1_0.id=? and se1_0.status=?
Hibernate: select c1_0.id,c1_0.code,c1_0.created_at,c1_0.credits,c1_0.description,c1_0.title from courses c1_0 where c1_0.id=?
Hibernate: select f1_0.id,f1_0.created_at,f1_0.department,f1_0.email,f1_0.first_name,f1_0.is_active,f1_0.last_name,f1_0.phone,f1_0.updated_at from faculty f1_0 where f1_0.id=?
Hibernate: select count(se1_0.id) from student_enrollments se1_0 left join course_offerings o1_0 on o1_0.id=se1_0.offering_id where o1_0.id=? and se1_0.status=?
Hibernate: select f1_0.id,f1_0.created_at,f1_0.department,f1_0.email,f1_0.first_name,f1_0.is_active,f1_0.last_name,f1_0.phone,f1_0.updated_at from faculty f1_0 where f1_0.id=?
Hibernate: select count(se1_0.id) from student_enrollments se1_0 left join course_offerings o1_0 on o1_0.id=se1_0.offering_id where o1_0.id=? and se1_0.status=?
Hibernate: select c1_0.id,c1_0.code,c1_0.created_at,c1_0.credits,c1_0.description,c1_0.title from courses c1_0 where c1_0.id=?
Hibernate: select count(se1_0.id) from student_enrollments se1_0 left join course_offerings o1_0 on o1_0.id=se1_0.offering_id where o1_0.id=? and se1_0.status=?
Hibernate: select c1_0.id,c1_0.code,c1_0.created_at,c1_0.credits,c1_0.description,c1_0.title from courses c1_0 where c1_0.id=?
Hibernate: select f1_0.id,f1_0.created_at,f1_0.department,f1_0.email,f1_0.first_name,f1_0.is_active,f1_0.last_name,f1_0.phone,f1_0.updated_at from faculty f1_0 where f1_0.id=?
Hibernate: select count(se1_0.id) from student_enrollments se1_0 left join course_offerings o1_0 on o1_0.id=se1_0.offering_id where o1_0.id=? and se1_0.status=?
Hibernate: select c1_0.id,c1_0.code,c1_0.created_at,c1_0.credits,c1_0.description,c1_0.title from courses c1_0 where c1_0.id=?
Hibernate: select count(se1_0.id) from student_enrollments se1_0 left join course_offerings o1_0 on o1_0.id=se1_0.offering_id where o1_0.id=? and se1_0.status=?
Hibernate: select co1_0.id,co1_0.capacity,co1_0.course_id,co1_0.created_at,co1_0.faculty_id,co1_0.section_code,co1_0.semester from course_offerings co1_0
Hibernate: select c1_0.id,c1_0.code,c1_0.created_at,c1_0.credits,c1_0.description,c1_0.title from courses c1_0 where c1_0.id=?
Hibernate: select se1_0.id,se1_0.enrolled_at,se1_0.offering_id,se1_0.status,se1_0.user_id from student_enrollments se1_0 left join users u1_0 on u1_0.id=se1_0.user_id where u1_0.id=?
Hibernate: select f1_0.id,f1_0.created_at,f1_0.department,f1_0.email,f1_0.first_name,f1_0.is_active,f1_0.last_name,f1_0.phone,f1_0.updated_at from faculty f1_0 where f1_0.id=?
Hibernate: select count(se1_0.id) from student_enrollments se1_0 left join course_offerings o1_0 on o1_0.id=se1_0.offering_id where o1_0.id=? and se1_0.status=?
Hibernate: select f1_0.id,f1_0.created_at,f1_0.department,f1_0.email,f1_0.first_name,f1_0.is_active,f1_0.last_name,f1_0.phone,f1_0.updated_at from faculty f1_0 where f1_0.id=?
Hibernate: select count(se1_0.id) from student_enrollments se1_0 left join course_offerings o1_0 on o1_0.id=se1_0.offering_id where o1_0.id=? and se1_0.status=?
Hibernate: select c1_0.id,c1_0.code,c1_0.created_at,c1_0.credits,c1_0.description,c1_0.title from courses c1_0 where c1_0.id=?
Hibernate: select count(se1_0.id) from student_enrollments se1_0 left join course_offerings o1_0 on o1_0.id=se1_0.offering_id where o1_0.id=? and se1_0.status=?
Hibernate: select c1_0.id,c1_0.code,c1_0.created_at,c1_0.credits,c1_0.description,c1_0.title from courses c1_0 where c1_0.id=?
Hibernate: select count(se1_0.id) from student_enrollments se1_0 left join course_offerings o1_0 on o1_0.id=se1_0.offering_id where o1_0.id=? and se1_0.status=?
Hibernate: select f1_0.id,f1_0.created_at,f1_0.department,f1_0.email,f1_0.first_name,f1_0.is_active,f1_0.last_name,f1_0.phone,f1_0.updated_at from faculty f1_0 where f1_0.id=?
Hibernate: select count(se1_0.id) from student_enrollments se1_0 left join course_offerings o1_0 on o1_0.id=se1_0.offering_id where o1_0.id=? and se1_0.status=?
Hibernate: select c1_0.id,c1_0.code,c1_0.created_at,c1_0.credits,c1_0.description,c1_0.title from courses c1_0 where c1_0.id=?
Hibernate: select count(se1_0.id) from student_enrollments se1_0 left join course_offerings o1_0 on o1_0.id=se1_0.offering_id where o1_0.id=? and se1_0.status=?
Hibernate: select c1_0.id,c1_0.code,c1_0.created_at,c1_0.credits,c1_0.description,c1_0.title from courses c1_0 where c1_0.id=?
Hibernate: select f1_0.id,f1_0.created_at,f1_0.department,f1_0.email,f1_0.first_name,f1_0.is_active,f1_0.last_name,f1_0.phone,f1_0.updated_at from faculty f1_0 where f1_0.id=?
Hibernate: select count(se1_0.id) from student_enrollments se1_0 left join course_offerings o1_0 on o1_0.id=se1_0.offering_id where o1_0.id=? and se1_0.status=?
Hibernate: select f1_0.id,f1_0.created_at,f1_0.department,f1_0.email,f1_0.first_name,f1_0.is_active,f1_0.last_name,f1_0.phone,f1_0.updated_at from faculty f1_0 where f1_0.id=?
Hibernate: select count(se1_0.id) from student_enrollments se1_0 left join course_offerings o1_0 on o1_0.id=se1_0.offering_id where o1_0.id=? and se1_0.status=?
Hibernate: select c1_0.id,c1_0.code,c1_0.created_at,c1_0.credits,c1_0.description,c1_0.title from courses c1_0 where c1_0.id=?
Hibernate: select count(se1_0.id) from student_enrollments se1_0 left join course_offerings o1_0 on o1_0.id=se1_0.offering_id where o1_0.id=? and se1_0.status=?
Hibernate: select c1_0.id,c1_0.code,c1_0.created_at,c1_0.credits,c1_0.description,c1_0.title from courses c1_0 where c1_0.id=?
Hibernate: select f1_0.id,f1_0.created_at,f1_0.department,f1_0.email,f1_0.first_name,f1_0.is_active,f1_0.last_name,f1_0.phone,f1_0.updated_at from faculty f1_0 where f1_0.id=?
Hibernate: select count(se1_0.id) from student_enrollments se1_0 left join course_offerings o1_0 on o1_0.id=se1_0.offering_id where o1_0.id=? and se1_0.status=?
Hibernate: select c1_0.id,c1_0.code,c1_0.created_at,c1_0.credits,c1_0.description,c1_0.title from courses c1_0 where c1_0.id=?
Hibernate: select count(se1_0.id) from student_enrollments se1_0 left join course_offerings o1_0 on o1_0.id=se1_0.offering_id where o1_0.id=? and se1_0.status=?
Hibernate: select e1_0.id,e1_0.body,e1_0.created_at,e1_0.created_by,e1_0.end_datetime,e1_0.is_public,e1_0.start_datetime,e1_0.title from events e1_0 where e1_0.is_public=1 and e1_0.start_datetime>=? order by e1_0.start_datetime
Hibernate: select e1_0.id,e1_0.body,e1_0.created_at,e1_0.created_by,e1_0.end_datetime,e1_0.is_public,e1_0.start_datetime,e1_0.title from events e1_0 where e1_0.is_public=1 and e1_0.start_datetime>=? order by e1_0.start_datetime
Hibernate: select e1_0.id,e1_0.body,e1_0.created_at,e1_0.created_by,e1_0.end_datetime,e1_0.is_public,e1_0.start_datetime,e1_0.title from events e1_0 where e1_0.is_public=1 and e1_0.start_datetime>=? order by e1_0.start_datetime
Hibernate: select u1_0.id,u1_0.password,u1_0.role,u1_0.username from users u1_0 where u1_0.username=?
Hibernate: select n1_0.id,n1_0.body,n1_0.created_at,n1_0.delivery_channel,n1_0.event_id,n1_0.read_at,n1_0.sent_at,n1_0.title,n1_0.user_id from notifications n1_0 where n1_0.user_id=? order by n1_0.created_at desc
2025-11-28T01:37:45.523+05:30 ERROR 1807899 --- [nio-8080-exec-7] org.thymeleaf.TemplateEngine             : [THYMELEAF][http-nio-8080-exec-7] Exception processing template "pages/profile": Error resolving template [pages/profile], template might not exist or might not be accessible by any of the configured Template Resolvers

org.thymeleaf.exceptions.TemplateInputException: Error resolving template [pages/profile], template might not exist or might not be accessible by any of the configured Template Resolvers
	at org.thymeleaf.engine.TemplateManager.resolveTemplate(TemplateManager.java:869) ~[thymeleaf-3.1.3.RELEASE.jar:3.1.3.RELEASE]
	at org.thymeleaf.engine.TemplateManager.parseAndProcess(TemplateManager.java:607) ~[thymeleaf-3.1.3.RELEASE.jar:3.1.3.RELEASE]
	at org.thymeleaf.TemplateEngine.process(TemplateEngine.java:1103) ~[thymeleaf-3.1.3.RELEASE.jar:3.1.3.RELEASE]
	at org.thymeleaf.TemplateEngine.process(TemplateEngine.java:1077) ~[thymeleaf-3.1.3.RELEASE.jar:3.1.3.RELEASE]
	at org.thymeleaf.spring6.view.ThymeleafView.renderFragment(ThymeleafView.java:372) ~[thymeleaf-spring6-3.1.3.RELEASE.jar:3.1.3.RELEASE]
	at org.thymeleaf.spring6.view.ThymeleafView.render(ThymeleafView.java:192) ~[thymeleaf-spring6-3.1.3.RELEASE.jar:3.1.3.RELEASE]
	at org.springframework.web.servlet.DispatcherServlet.render(DispatcherServlet.java:1438) ~[spring-webmvc-6.2.14.jar:6.2.14]
	at org.springframework.web.servlet.DispatcherServlet.processDispatchResult(DispatcherServlet.java:1168) ~[spring-webmvc-6.2.14.jar:6.2.14]
	at org.springframework.web.servlet.DispatcherServlet.doDispatch(DispatcherServlet.java:1106) ~[spring-webmvc-6.2.14.jar:6.2.14]
	at org.springframework.web.servlet.DispatcherServlet.doService(DispatcherServlet.java:979) ~[spring-webmvc-6.2.14.jar:6.2.14]
	at org.springframework.web.servlet.FrameworkServlet.processRequest(FrameworkServlet.java:1014) ~[spring-webmvc-6.2.14.jar:6.2.14]
	at org.springframework.web.servlet.FrameworkServlet.doGet(FrameworkServlet.java:903) ~[spring-webmvc-6.2.14.jar:6.2.14]
	at jakarta.servlet.http.HttpServlet.service(HttpServlet.java:564) ~[tomcat-embed-core-10.1.49.jar:6.0]
	at org.springframework.web.servlet.FrameworkServlet.service(FrameworkServlet.java:885) ~[spring-webmvc-6.2.14.jar:6.2.14]
	at jakarta.servlet.http.HttpServlet.service(HttpServlet.java:658) ~[tomcat-embed-core-10.1.49.jar:6.0]
	at org.apache.catalina.core.ApplicationFilterChain.internalDoFilter(ApplicationFilterChain.java:193) ~[tomcat-embed-core-10.1.49.jar:10.1.49]
	at org.apache.catalina.core.ApplicationFilterChain.doFilter(ApplicationFilterChain.java:138) ~[tomcat-embed-core-10.1.49.jar:10.1.49]
	at org.apache.tomcat.websocket.server.WsFilter.doFilter(WsFilter.java:51) ~[tomcat-embed-websocket-10.1.49.jar:10.1.49]
	at org.apache.catalina.core.ApplicationFilterChain.internalDoFilter(ApplicationFilterChain.java:162) ~[tomcat-embed-core-10.1.49.jar:10.1.49]
	at org.apache.catalina.core.ApplicationFilterChain.doFilter(ApplicationFilterChain.java:138) ~[tomcat-embed-core-10.1.49.jar:10.1.49]
	at org.springframework.web.filter.CompositeFilter$VirtualFilterChain.doFilter(CompositeFilter.java:108) ~[spring-web-6.2.14.jar:6.2.14]
	at org.springframework.security.web.FilterChainProxy.lambda$doFilterInternal$3(FilterChainProxy.java:231) ~[spring-security-web-6.4.13.jar:6.4.13]
	at org.springframework.security.web.FilterChainProxy$VirtualFilterChain.doFilter(FilterChainProxy.java:365) ~[spring-security-web-6.4.13.jar:6.4.13]
	at org.springframework.security.web.access.intercept.AuthorizationFilter.doFilter(AuthorizationFilter.java:101) ~[spring-security-web-6.4.13.jar:6.4.13]
	at org.springframework.security.web.FilterChainProxy$VirtualFilterChain.doFilter(FilterChainProxy.java:374) ~[spring-security-web-6.4.13.jar:6.4.13]
	at org.springframework.security.web.access.ExceptionTranslationFilter.doFilter(ExceptionTranslationFilter.java:126) ~[spring-security-web-6.4.13.jar:6.4.13]
	at org.springframework.security.web.access.ExceptionTranslationFilter.doFilter(ExceptionTranslationFilter.java:120) ~[spring-security-web-6.4.13.jar:6.4.13]
	at org.springframework.security.web.FilterChainProxy$VirtualFilterChain.doFilter(FilterChainProxy.java:374) ~[spring-security-web-6.4.13.jar:6.4.13]
	at org.springframework.security.web.authentication.AnonymousAuthenticationFilter.doFilter(AnonymousAuthenticationFilter.java:100) ~[spring-security-web-6.4.13.jar:6.4.13]
	at org.springframework.security.web.FilterChainProxy$VirtualFilterChain.doFilter(FilterChainProxy.java:374) ~[spring-security-web-6.4.13.jar:6.4.13]
	at org.springframework.security.web.servletapi.SecurityContextHolderAwareRequestFilter.doFilter(SecurityContextHolderAwareRequestFilter.java:179) ~[spring-security-web-6.4.13.jar:6.4.13]
	at org.springframework.security.web.FilterChainProxy$VirtualFilterChain.doFilter(FilterChainProxy.java:374) ~[spring-security-web-6.4.13.jar:6.4.13]
	at org.springframework.security.web.savedrequest.RequestCacheAwareFilter.doFilter(RequestCacheAwareFilter.java:63) ~[spring-security-web-6.4.13.jar:6.4.13]
	at org.springframework.security.web.FilterChainProxy$VirtualFilterChain.doFilter(FilterChainProxy.java:374) ~[spring-security-web-6.4.13.jar:6.4.13]
	at org.springframework.security.web.authentication.AbstractAuthenticationProcessingFilter.doFilter(AbstractAuthenticationProcessingFilter.java:227) ~[spring-security-web-6.4.13.jar:6.4.13]
	at org.springframework.security.web.authentication.AbstractAuthenticationProcessingFilter.doFilter(AbstractAuthenticationProcessingFilter.java:221) ~[spring-security-web-6.4.13.jar:6.4.13]
	at org.springframework.security.web.FilterChainProxy$VirtualFilterChain.doFilter(FilterChainProxy.java:374) ~[spring-security-web-6.4.13.jar:6.4.13]
	at org.springframework.security.web.authentication.logout.LogoutFilter.doFilter(LogoutFilter.java:107) ~[spring-security-web-6.4.13.jar:6.4.13]
	at org.springframework.security.web.authentication.logout.LogoutFilter.doFilter(LogoutFilter.java:93) ~[spring-security-web-6.4.13.jar:6.4.13]
	at org.springframework.security.web.FilterChainProxy$VirtualFilterChain.doFilter(FilterChainProxy.java:374) ~[spring-security-web-6.4.13.jar:6.4.13]
	at org.springframework.security.web.csrf.CsrfFilter.doFilterInternal(CsrfFilter.java:117) ~[spring-security-web-6.4.13.jar:6.4.13]
	at org.springframework.web.filter.OncePerRequestFilter.doFilter(OncePerRequestFilter.java:116) ~[spring-web-6.2.14.jar:6.2.14]
	at org.springframework.security.web.FilterChainProxy$VirtualFilterChain.doFilter(FilterChainProxy.java:374) ~[spring-security-web-6.4.13.jar:6.4.13]
	at org.springframework.security.web.header.HeaderWriterFilter.doHeadersAfter(HeaderWriterFilter.java:90) ~[spring-security-web-6.4.13.jar:6.4.13]
	at org.springframework.security.web.header.HeaderWriterFilter.doFilterInternal(HeaderWriterFilter.java:75) ~[spring-security-web-6.4.13.jar:6.4.13]
	at org.springframework.web.filter.OncePerRequestFilter.doFilter(OncePerRequestFilter.java:116) ~[spring-web-6.2.14.jar:6.2.14]
	at org.springframework.security.web.FilterChainProxy$VirtualFilterChain.doFilter(FilterChainProxy.java:374) ~[spring-security-web-6.4.13.jar:6.4.13]
	at org.springframework.security.web.context.SecurityContextHolderFilter.doFilter(SecurityContextHolderFilter.java:82) ~[spring-security-web-6.4.13.jar:6.4.13]
	at org.springframework.security.web.context.SecurityContextHolderFilter.doFilter(SecurityContextHolderFilter.java:69) ~[spring-security-web-6.4.13.jar:6.4.13]
	at org.springframework.security.web.FilterChainProxy$VirtualFilterChain.doFilter(FilterChainProxy.java:374) ~[spring-security-web-6.4.13.jar:6.4.13]
	at org.springframework.security.web.context.request.async.WebAsyncManagerIntegrationFilter.doFilterInternal(WebAsyncManagerIntegrationFilter.java:62) ~[spring-security-web-6.4.13.jar:6.4.13]
	at org.springframework.web.filter.OncePerRequestFilter.doFilter(OncePerRequestFilter.java:116) ~[spring-web-6.2.14.jar:6.2.14]
	at org.springframework.security.web.FilterChainProxy$VirtualFilterChain.doFilter(FilterChainProxy.java:374) ~[spring-security-web-6.4.13.jar:6.4.13]
	at org.springframework.security.web.session.DisableEncodeUrlFilter.doFilterInternal(DisableEncodeUrlFilter.java:42) ~[spring-security-web-6.4.13.jar:6.4.13]
	at org.springframework.web.filter.OncePerRequestFilter.doFilter(OncePerRequestFilter.java:116) ~[spring-web-6.2.14.jar:6.2.14]
	at org.springframework.security.web.FilterChainProxy$VirtualFilterChain.doFilter(FilterChainProxy.java:374) ~[spring-security-web-6.4.13.jar:6.4.13]
	at org.springframework.security.web.FilterChainProxy.doFilterInternal(FilterChainProxy.java:233) ~[spring-security-web-6.4.13.jar:6.4.13]
	at org.springframework.security.web.FilterChainProxy.doFilter(FilterChainProxy.java:191) ~[spring-security-web-6.4.13.jar:6.4.13]
	at org.springframework.web.filter.CompositeFilter$VirtualFilterChain.doFilter(CompositeFilter.java:113) ~[spring-web-6.2.14.jar:6.2.14]
	at org.springframework.web.servlet.handler.HandlerMappingIntrospector.lambda$createCacheFilter$4(HandlerMappingIntrospector.java:267) ~[spring-webmvc-6.2.14.jar:6.2.14]
	at org.springframework.web.filter.CompositeFilter$VirtualFilterChain.doFilter(CompositeFilter.java:113) ~[spring-web-6.2.14.jar:6.2.14]
	at org.springframework.web.filter.CompositeFilter.doFilter(CompositeFilter.java:74) ~[spring-web-6.2.14.jar:6.2.14]
	at org.springframework.security.config.annotation.web.configuration.WebMvcSecurityConfiguration$CompositeFilterChainProxy.doFilter(WebMvcSecurityConfiguration.java:238) ~[spring-security-config-6.4.13.jar:6.4.13]
	at org.springframework.web.filter.DelegatingFilterProxy.invokeDelegate(DelegatingFilterProxy.java:362) ~[spring-web-6.2.14.jar:6.2.14]
	at org.springframework.web.filter.DelegatingFilterProxy.doFilter(DelegatingFilterProxy.java:278) ~[spring-web-6.2.14.jar:6.2.14]
	at org.apache.catalina.core.ApplicationFilterChain.internalDoFilter(ApplicationFilterChain.java:162) ~[tomcat-embed-core-10.1.49.jar:10.1.49]
	at org.apache.catalina.core.ApplicationFilterChain.doFilter(ApplicationFilterChain.java:138) ~[tomcat-embed-core-10.1.49.jar:10.1.49]
	at org.springframework.web.filter.RequestContextFilter.doFilterInternal(RequestContextFilter.java:100) ~[spring-web-6.2.14.jar:6.2.14]
	at org.springframework.web.filter.OncePerRequestFilter.doFilter(OncePerRequestFilter.java:116) ~[spring-web-6.2.14.jar:6.2.14]
	at org.apache.catalina.core.ApplicationFilterChain.internalDoFilter(ApplicationFilterChain.java:162) ~[tomcat-embed-core-10.1.49.jar:10.1.49]
	at org.apache.catalina.core.ApplicationFilterChain.doFilter(ApplicationFilterChain.java:138) ~[tomcat-embed-core-10.1.49.jar:10.1.49]
	at org.springframework.web.filter.FormContentFilter.doFilterInternal(FormContentFilter.java:93) ~[spring-web-6.2.14.jar:6.2.14]
	at org.springframework.web.filter.OncePerRequestFilter.doFilter(OncePerRequestFilter.java:116) ~[spring-web-6.2.14.jar:6.2.14]
	at org.apache.catalina.core.ApplicationFilterChain.internalDoFilter(ApplicationFilterChain.java:162) ~[tomcat-embed-core-10.1.49.jar:10.1.49]
	at org.apache.catalina.core.ApplicationFilterChain.doFilter(ApplicationFilterChain.java:138) ~[tomcat-embed-core-10.1.49.jar:10.1.49]
	at org.springframework.web.filter.CharacterEncodingFilter.doFilterInternal(CharacterEncodingFilter.java:201) ~[spring-web-6.2.14.jar:6.2.14]
	at org.springframework.web.filter.OncePerRequestFilter.doFilter(OncePerRequestFilter.java:116) ~[spring-web-6.2.14.jar:6.2.14]
	at org.apache.catalina.core.ApplicationFilterChain.internalDoFilter(ApplicationFilterChain.java:162) ~[tomcat-embed-core-10.1.49.jar:10.1.49]
	at org.apache.catalina.core.ApplicationFilterChain.doFilter(ApplicationFilterChain.java:138) ~[tomcat-embed-core-10.1.49.jar:10.1.49]
	at org.apache.catalina.core.StandardWrapperValve.invoke(StandardWrapperValve.java:165) ~[tomcat-embed-core-10.1.49.jar:10.1.49]
	at org.apache.catalina.core.StandardContextValve.invoke(StandardContextValve.java:88) ~[tomcat-embed-core-10.1.49.jar:10.1.49]
	at org.apache.catalina.authenticator.AuthenticatorBase.invoke(AuthenticatorBase.java:482) ~[tomcat-embed-core-10.1.49.jar:10.1.49]
	at org.apache.catalina.core.StandardHostValve.invoke(StandardHostValve.java:113) ~[tomcat-embed-core-10.1.49.jar:10.1.49]
	at org.apache.catalina.valves.ErrorReportValve.invoke(ErrorReportValve.java:83) ~[tomcat-embed-core-10.1.49.jar:10.1.49]
	at org.apache.catalina.core.StandardEngineValve.invoke(StandardEngineValve.java:72) ~[tomcat-embed-core-10.1.49.jar:10.1.49]
	at org.apache.catalina.connector.CoyoteAdapter.service(CoyoteAdapter.java:342) ~[tomcat-embed-core-10.1.49.jar:10.1.49]
	at org.apache.coyote.http11.Http11Processor.service(Http11Processor.java:399) ~[tomcat-embed-core-10.1.49.jar:10.1.49]
	at org.apache.coyote.AbstractProcessorLight.process(AbstractProcessorLight.java:63) ~[tomcat-embed-core-10.1.49.jar:10.1.49]
	at org.apache.coyote.AbstractProtocol$ConnectionHandler.process(AbstractProtocol.java:903) ~[tomcat-embed-core-10.1.49.jar:10.1.49]
	at org.apache.tomcat.util.net.NioEndpoint$SocketProcessor.doRun(NioEndpoint.java:1774) ~[tomcat-embed-core-10.1.49.jar:10.1.49]
	at org.apache.tomcat.util.net.SocketProcessorBase.run(SocketProcessorBase.java:52) ~[tomcat-embed-core-10.1.49.jar:10.1.49]
	at org.apache.tomcat.util.threads.ThreadPoolExecutor.runWorker(ThreadPoolExecutor.java:973) ~[tomcat-embed-core-10.1.49.jar:10.1.49]
	at org.apache.tomcat.util.threads.ThreadPoolExecutor$Worker.run(ThreadPoolExecutor.java:491) ~[tomcat-embed-core-10.1.49.jar:10.1.49]
	at org.apache.tomcat.util.threads.TaskThread$WrappingRunnable.run(TaskThread.java:63) ~[tomcat-embed-core-10.1.49.jar:10.1.49]
	at java.base/java.lang.Thread.run(Thread.java:1474) ~[na:na]

2025-11-28T01:37:45.524+05:30 ERROR 1807899 --- [nio-8080-exec-7] o.a.c.c.C.[.[.[/].[dispatcherServlet]    : Servlet.service() for servlet [dispatcherServlet] in context with path [] threw exception [Request processing failed: org.thymeleaf.exceptions.TemplateInputException: Error resolving template [pages/profile], template might not exist or might not be accessible by any of the configured Template Resolvers] with root cause

org.thymeleaf.exceptions.TemplateInputException: Error resolving template [pages/profile], template might not exist or might not be accessible by any of the configured Template Resolvers
	at org.thymeleaf.engine.TemplateManager.resolveTemplate(TemplateManager.java:869) ~[thymeleaf-3.1.3.RELEASE.jar:3.1.3.RELEASE]
	at org.thymeleaf.engine.TemplateManager.parseAndProcess(TemplateManager.java:607) ~[thymeleaf-3.1.3.RELEASE.jar:3.1.3.RELEASE]
	at org.thymeleaf.TemplateEngine.process(TemplateEngine.java:1103) ~[thymeleaf-3.1.3.RELEASE.jar:3.1.3.RELEASE]
	at org.thymeleaf.TemplateEngine.process(TemplateEngine.java:1077) ~[thymeleaf-3.1.3.RELEASE.jar:3.1.3.RELEASE]
	at org.thymeleaf.spring6.view.ThymeleafView.renderFragment(ThymeleafView.java:372) ~[thymeleaf-spring6-3.1.3.RELEASE.jar:3.1.3.RELEASE]
	at org.thymeleaf.spring6.view.ThymeleafView.render(ThymeleafView.java:192) ~[thymeleaf-spring6-3.1.3.RELEASE.jar:3.1.3.RELEASE]
	at org.springframework.web.servlet.DispatcherServlet.render(DispatcherServlet.java:1438) ~[spring-webmvc-6.2.14.jar:6.2.14]
	at org.springframework.web.servlet.DispatcherServlet.processDispatchResult(DispatcherServlet.java:1168) ~[spring-webmvc-6.2.14.jar:6.2.14]
	at org.springframework.web.servlet.DispatcherServlet.doDispatch(DispatcherServlet.java:1106) ~[spring-webmvc-6.2.14.jar:6.2.14]
	at org.springframework.web.servlet.DispatcherServlet.doService(DispatcherServlet.java:979) ~[spring-webmvc-6.2.14.jar:6.2.14]
	at org.springframework.web.servlet.FrameworkServlet.processRequest(FrameworkServlet.java:1014) ~[spring-webmvc-6.2.14.jar:6.2.14]
	at org.springframework.web.servlet.FrameworkServlet.doGet(FrameworkServlet.java:903) ~[spring-webmvc-6.2.14.jar:6.2.14]
	at jakarta.servlet.http.HttpServlet.service(HttpServlet.java:564) ~[tomcat-embed-core-10.1.49.jar:6.0]
	at org.springframework.web.servlet.FrameworkServlet.service(FrameworkServlet.java:885) ~[spring-webmvc-6.2.14.jar:6.2.14]
	at jakarta.servlet.http.HttpServlet.service(HttpServlet.java:658) ~[tomcat-embed-core-10.1.49.jar:6.0]
	at org.apache.catalina.core.ApplicationFilterChain.internalDoFilter(ApplicationFilterChain.java:193) ~[tomcat-embed-core-10.1.49.jar:10.1.49]
	at org.apache.catalina.core.ApplicationFilterChain.doFilter(ApplicationFilterChain.java:138) ~[tomcat-embed-core-10.1.49.jar:10.1.49]
	at org.apache.tomcat.websocket.server.WsFilter.doFilter(WsFilter.java:51) ~[tomcat-embed-websocket-10.1.49.jar:10.1.49]
	at org.apache.catalina.core.ApplicationFilterChain.internalDoFilter(ApplicationFilterChain.java:162) ~[tomcat-embed-core-10.1.49.jar:10.1.49]
	at org.apache.catalina.core.ApplicationFilterChain.doFilter(ApplicationFilterChain.java:138) ~[tomcat-embed-core-10.1.49.jar:10.1.49]
	at org.springframework.web.filter.CompositeFilter$VirtualFilterChain.doFilter(CompositeFilter.java:108) ~[spring-web-6.2.14.jar:6.2.14]
	at org.springframework.security.web.FilterChainProxy.lambda$doFilterInternal$3(FilterChainProxy.java:231) ~[spring-security-web-6.4.13.jar:6.4.13]
	at org.springframework.security.web.FilterChainProxy$VirtualFilterChain.doFilter(FilterChainProxy.java:365) ~[spring-security-web-6.4.13.jar:6.4.13]
	at org.springframework.security.web.access.intercept.AuthorizationFilter.doFilter(AuthorizationFilter.java:101) ~[spring-security-web-6.4.13.jar:6.4.13]
	at org.springframework.security.web.FilterChainProxy$VirtualFilterChain.doFilter(FilterChainProxy.java:374) ~[spring-security-web-6.4.13.jar:6.4.13]
	at org.springframework.security.web.access.ExceptionTranslationFilter.doFilter(ExceptionTranslationFilter.java:126) ~[spring-security-web-6.4.13.jar:6.4.13]
	at org.springframework.security.web.access.ExceptionTranslationFilter.doFilter(ExceptionTranslationFilter.java:120) ~[spring-security-web-6.4.13.jar:6.4.13]
	at org.springframework.security.web.FilterChainProxy$VirtualFilterChain.doFilter(FilterChainProxy.java:374) ~[spring-security-web-6.4.13.jar:6.4.13]
	at org.springframework.security.web.authentication.AnonymousAuthenticationFilter.doFilter(AnonymousAuthenticationFilter.java:100) ~[spring-security-web-6.4.13.jar:6.4.13]
	at org.springframework.security.web.FilterChainProxy$VirtualFilterChain.doFilter(FilterChainProxy.java:374) ~[spring-security-web-6.4.13.jar:6.4.13]
	at org.springframework.security.web.servletapi.SecurityContextHolderAwareRequestFilter.doFilter(SecurityContextHolderAwareRequestFilter.java:179) ~[spring-security-web-6.4.13.jar:6.4.13]
	at org.springframework.security.web.FilterChainProxy$VirtualFilterChain.doFilter(FilterChainProxy.java:374) ~[spring-security-web-6.4.13.jar:6.4.13]
	at org.springframework.security.web.savedrequest.RequestCacheAwareFilter.doFilter(RequestCacheAwareFilter.java:63) ~[spring-security-web-6.4.13.jar:6.4.13]
	at org.springframework.security.web.FilterChainProxy$VirtualFilterChain.doFilter(FilterChainProxy.java:374) ~[spring-security-web-6.4.13.jar:6.4.13]
	at org.springframework.security.web.authentication.AbstractAuthenticationProcessingFilter.doFilter(AbstractAuthenticationProcessingFilter.java:227) ~[spring-security-web-6.4.13.jar:6.4.13]
	at org.springframework.security.web.authentication.AbstractAuthenticationProcessingFilter.doFilter(AbstractAuthenticationProcessingFilter.java:221) ~[spring-security-web-6.4.13.jar:6.4.13]
	at org.springframework.security.web.FilterChainProxy$VirtualFilterChain.doFilter(FilterChainProxy.java:374) ~[spring-security-web-6.4.13.jar:6.4.13]
	at org.springframework.security.web.authentication.logout.LogoutFilter.doFilter(LogoutFilter.java:107) ~[spring-security-web-6.4.13.jar:6.4.13]
	at org.springframework.security.web.authentication.logout.LogoutFilter.doFilter(LogoutFilter.java:93) ~[spring-security-web-6.4.13.jar:6.4.13]
	at org.springframework.security.web.FilterChainProxy$VirtualFilterChain.doFilter(FilterChainProxy.java:374) ~[spring-security-web-6.4.13.jar:6.4.13]
	at org.springframework.security.web.csrf.CsrfFilter.doFilterInternal(CsrfFilter.java:117) ~[spring-security-web-6.4.13.jar:6.4.13]
	at org.springframework.web.filter.OncePerRequestFilter.doFilter(OncePerRequestFilter.java:116) ~[spring-web-6.2.14.jar:6.2.14]
	at org.springframework.security.web.FilterChainProxy$VirtualFilterChain.doFilter(FilterChainProxy.java:374) ~[spring-security-web-6.4.13.jar:6.4.13]
	at org.springframework.security.web.header.HeaderWriterFilter.doHeadersAfter(HeaderWriterFilter.java:90) ~[spring-security-web-6.4.13.jar:6.4.13]
	at org.springframework.security.web.header.HeaderWriterFilter.doFilterInternal(HeaderWriterFilter.java:75) ~[spring-security-web-6.4.13.jar:6.4.13]
	at org.springframework.web.filter.OncePerRequestFilter.doFilter(OncePerRequestFilter.java:116) ~[spring-web-6.2.14.jar:6.2.14]
	at org.springframework.security.web.FilterChainProxy$VirtualFilterChain.doFilter(FilterChainProxy.java:374) ~[spring-security-web-6.4.13.jar:6.4.13]
	at org.springframework.security.web.context.SecurityContextHolderFilter.doFilter(SecurityContextHolderFilter.java:82) ~[spring-security-web-6.4.13.jar:6.4.13]
	at org.springframework.security.web.context.SecurityContextHolderFilter.doFilter(SecurityContextHolderFilter.java:69) ~[spring-security-web-6.4.13.jar:6.4.13]
	at org.springframework.security.web.FilterChainProxy$VirtualFilterChain.doFilter(FilterChainProxy.java:374) ~[spring-security-web-6.4.13.jar:6.4.13]
	at org.springframework.security.web.context.request.async.WebAsyncManagerIntegrationFilter.doFilterInternal(WebAsyncManagerIntegrationFilter.java:62) ~[spring-security-web-6.4.13.jar:6.4.13]
	at org.springframework.web.filter.OncePerRequestFilter.doFilter(OncePerRequestFilter.java:116) ~[spring-web-6.2.14.jar:6.2.14]
	at org.springframework.security.web.FilterChainProxy$VirtualFilterChain.doFilter(FilterChainProxy.java:374) ~[spring-security-web-6.4.13.jar:6.4.13]
	at org.springframework.security.web.session.DisableEncodeUrlFilter.doFilterInternal(DisableEncodeUrlFilter.java:42) ~[spring-security-web-6.4.13.jar:6.4.13]
	at org.springframework.web.filter.OncePerRequestFilter.doFilter(OncePerRequestFilter.java:116) ~[spring-web-6.2.14.jar:6.2.14]
	at org.springframework.security.web.FilterChainProxy$VirtualFilterChain.doFilter(FilterChainProxy.java:374) ~[spring-security-web-6.4.13.jar:6.4.13]
	at org.springframework.security.web.FilterChainProxy.doFilterInternal(FilterChainProxy.java:233) ~[spring-security-web-6.4.13.jar:6.4.13]
	at org.springframework.security.web.FilterChainProxy.doFilter(FilterChainProxy.java:191) ~[spring-security-web-6.4.13.jar:6.4.13]
	at org.springframework.web.filter.CompositeFilter$VirtualFilterChain.doFilter(CompositeFilter.java:113) ~[spring-web-6.2.14.jar:6.2.14]
	at org.springframework.web.servlet.handler.HandlerMappingIntrospector.lambda$createCacheFilter$4(HandlerMappingIntrospector.java:267) ~[spring-webmvc-6.2.14.jar:6.2.14]
	at org.springframework.web.filter.CompositeFilter$VirtualFilterChain.doFilter(CompositeFilter.java:113) ~[spring-web-6.2.14.jar:6.2.14]
	at org.springframework.web.filter.CompositeFilter.doFilter(CompositeFilter.java:74) ~[spring-web-6.2.14.jar:6.2.14]
	at org.springframework.security.config.annotation.web.configuration.WebMvcSecurityConfiguration$CompositeFilterChainProxy.doFilter(WebMvcSecurityConfiguration.java:238) ~[spring-security-config-6.4.13.jar:6.4.13]
	at org.springframework.web.filter.DelegatingFilterProxy.invokeDelegate(DelegatingFilterProxy.java:362) ~[spring-web-6.2.14.jar:6.2.14]
	at org.springframework.web.filter.DelegatingFilterProxy.doFilter(DelegatingFilterProxy.java:278) ~[spring-web-6.2.14.jar:6.2.14]
	at org.apache.catalina.core.ApplicationFilterChain.internalDoFilter(ApplicationFilterChain.java:162) ~[tomcat-embed-core-10.1.49.jar:10.1.49]
	at org.apache.catalina.core.ApplicationFilterChain.doFilter(ApplicationFilterChain.java:138) ~[tomcat-embed-core-10.1.49.jar:10.1.49]
	at org.springframework.web.filter.RequestContextFilter.doFilterInternal(RequestContextFilter.java:100) ~[spring-web-6.2.14.jar:6.2.14]
	at org.springframework.web.filter.OncePerRequestFilter.doFilter(OncePerRequestFilter.java:116) ~[spring-web-6.2.14.jar:6.2.14]
	at org.apache.catalina.core.ApplicationFilterChain.internalDoFilter(ApplicationFilterChain.java:162) ~[tomcat-embed-core-10.1.49.jar:10.1.49]
	at org.apache.catalina.core.ApplicationFilterChain.doFilter(ApplicationFilterChain.java:138) ~[tomcat-embed-core-10.1.49.jar:10.1.49]
	at org.springframework.web.filter.FormContentFilter.doFilterInternal(FormContentFilter.java:93) ~[spring-web-6.2.14.jar:6.2.14]
	at org.springframework.web.filter.OncePerRequestFilter.doFilter(OncePerRequestFilter.java:116) ~[spring-web-6.2.14.jar:6.2.14]
	at org.apache.catalina.core.ApplicationFilterChain.internalDoFilter(ApplicationFilterChain.java:162) ~[tomcat-embed-core-10.1.49.jar:10.1.49]
	at org.apache.catalina.core.ApplicationFilterChain.doFilter(ApplicationFilterChain.java:138) ~[tomcat-embed-core-10.1.49.jar:10.1.49]
	at org.springframework.web.filter.CharacterEncodingFilter.doFilterInternal(CharacterEncodingFilter.java:201) ~[spring-web-6.2.14.jar:6.2.14]
	at org.springframework.web.filter.OncePerRequestFilter.doFilter(OncePerRequestFilter.java:116) ~[spring-web-6.2.14.jar:6.2.14]
	at org.apache.catalina.core.ApplicationFilterChain.internalDoFilter(ApplicationFilterChain.java:162) ~[tomcat-embed-core-10.1.49.jar:10.1.49]
	at org.apache.catalina.core.ApplicationFilterChain.doFilter(ApplicationFilterChain.java:138) ~[tomcat-embed-core-10.1.49.jar:10.1.49]
	at org.apache.catalina.core.StandardWrapperValve.invoke(StandardWrapperValve.java:165) ~[tomcat-embed-core-10.1.49.jar:10.1.49]
	at org.apache.catalina.core.StandardContextValve.invoke(StandardContextValve.java:88) ~[tomcat-embed-core-10.1.49.jar:10.1.49]
	at org.apache.catalina.authenticator.AuthenticatorBase.invoke(AuthenticatorBase.java:482) ~[tomcat-embed-core-10.1.49.jar:10.1.49]
	at org.apache.catalina.core.StandardHostValve.invoke(StandardHostValve.java:113) ~[tomcat-embed-core-10.1.49.jar:10.1.49]
	at org.apache.catalina.valves.ErrorReportValve.invoke(ErrorReportValve.java:83) ~[tomcat-embed-core-10.1.49.jar:10.1.49]
	at org.apache.catalina.core.StandardEngineValve.invoke(StandardEngineValve.java:72) ~[tomcat-embed-core-10.1.49.jar:10.1.49]
	at org.apache.catalina.connector.CoyoteAdapter.service(CoyoteAdapter.java:342) ~[tomcat-embed-core-10.1.49.jar:10.1.49]
	at org.apache.coyote.http11.Http11Processor.service(Http11Processor.java:399) ~[tomcat-embed-core-10.1.49.jar:10.1.49]
	at org.apache.coyote.AbstractProcessorLight.process(AbstractProcessorLight.java:63) ~[tomcat-embed-core-10.1.49.jar:10.1.49]
	at org.apache.coyote.AbstractProtocol$ConnectionHandler.process(AbstractProtocol.java:903) ~[tomcat-embed-core-10.1.49.jar:10.1.49]
	at org.apache.tomcat.util.net.NioEndpoint$SocketProcessor.doRun(NioEndpoint.java:1774) ~[tomcat-embed-core-10.1.49.jar:10.1.49]
	at org.apache.tomcat.util.net.SocketProcessorBase.run(SocketProcessorBase.java:52) ~[tomcat-embed-core-10.1.49.jar:10.1.49]
	at org.apache.tomcat.util.threads.ThreadPoolExecutor.runWorker(ThreadPoolExecutor.java:973) ~[tomcat-embed-core-10.1.49.jar:10.1.49]
	at org.apache.tomcat.util.threads.ThreadPoolExecutor$Worker.run(ThreadPoolExecutor.java:491) ~[tomcat-embed-core-10.1.49.jar:10.1.49]
	at org.apache.tomcat.util.threads.TaskThread$WrappingRunnable.run(TaskThread.java:63) ~[tomcat-embed-core-10.1.49.jar:10.1.49]
	at java.base/java.lang.Thread.run(Thread.java:1474) ~[na:na]

Hibernate: select u1_0.id,u1_0.password,u1_0.role,u1_0.username from users u1_0 where u1_0.username=?
Hibernate: select n1_0.id,n1_0.body,n1_0.created_at,n1_0.delivery_channel,n1_0.event_id,n1_0.read_at,n1_0.sent_at,n1_0.title,n1_0.user_id from notifications n1_0 where n1_0.user_id=? order by n1_0.created_at desc
Hibernate: update notifications n1_0 set read_at=? where n1_0.user_id=? and n1_0.read_at is null
Hibernate: select n1_0.id,n1_0.body,n1_0.created_at,n1_0.delivery_channel,n1_0.event_id,n1_0.read_at,n1_0.sent_at,n1_0.title,n1_0.user_id from notifications n1_0 where n1_0.user_id=? order by n1_0.created_at desc
Hibernate: select u1_0.id,u1_0.password,u1_0.role,u1_0.username from users u1_0 where u1_0.username=?
Hibernate: select u1_0.id,u1_0.password,u1_0.role,u1_0.username from users u1_0 where u1_0.username=?
Hibernate: select t1_0.id,t1_0.day_of_week,t1_0.end_time,t1_0.faculty_name,t1_0.room,t1_0.start_time,t1_0.student_id,t1_0.subject from timetable t1_0 where t1_0.student_id=? order by t1_0.day_of_week,t1_0.start_time
Hibernate: select u1_0.id,u1_0.password,u1_0.role,u1_0.username from users u1_0 where u1_0.username=?
Hibernate: select co1_0.id,co1_0.capacity,co1_0.course_id,co1_0.created_at,co1_0.faculty_id,co1_0.section_code,co1_0.semester from course_offerings co1_0
Hibernate: select c1_0.id,c1_0.code,c1_0.created_at,c1_0.credits,c1_0.description,c1_0.title from courses c1_0 where c1_0.id=?
Hibernate: select f1_0.id,f1_0.created_at,f1_0.department,f1_0.email,f1_0.first_name,f1_0.is_active,f1_0.last_name,f1_0.phone,f1_0.updated_at from faculty f1_0 where f1_0.id=?
Hibernate: select count(se1_0.id) from student_enrollments se1_0 left join course_offerings o1_0 on o1_0.id=se1_0.offering_id where o1_0.id=? and se1_0.status=?
Hibernate: select f1_0.id,f1_0.created_at,f1_0.department,f1_0.email,f1_0.first_name,f1_0.is_active,f1_0.last_name,f1_0.phone,f1_0.updated_at from faculty f1_0 where f1_0.id=?
Hibernate: select count(se1_0.id) from student_enrollments se1_0 left join course_offerings o1_0 on o1_0.id=se1_0.offering_id where o1_0.id=? and se1_0.status=?
Hibernate: select c1_0.id,c1_0.code,c1_0.created_at,c1_0.credits,c1_0.description,c1_0.title from courses c1_0 where c1_0.id=?
Hibernate: select count(se1_0.id) from student_enrollments se1_0 left join course_offerings o1_0 on o1_0.id=se1_0.offering_id where o1_0.id=? and se1_0.status=?
Hibernate: select c1_0.id,c1_0.code,c1_0.created_at,c1_0.credits,c1_0.description,c1_0.title from courses c1_0 where c1_0.id=?
Hibernate: select count(se1_0.id) from student_enrollments se1_0 left join course_offerings o1_0 on o1_0.id=se1_0.offering_id where o1_0.id=? and se1_0.status=?
Hibernate: select f1_0.id,f1_0.created_at,f1_0.department,f1_0.email,f1_0.first_name,f1_0.is_active,f1_0.last_name,f1_0.phone,f1_0.updated_at from faculty f1_0 where f1_0.id=?
Hibernate: select count(se1_0.id) from student_enrollments se1_0 left join course_offerings o1_0 on o1_0.id=se1_0.offering_id where o1_0.id=? and se1_0.status=?
Hibernate: select c1_0.id,c1_0.code,c1_0.created_at,c1_0.credits,c1_0.description,c1_0.title from courses c1_0 where c1_0.id=?
Hibernate: select count(se1_0.id) from student_enrollments se1_0 left join course_offerings o1_0 on o1_0.id=se1_0.offering_id where o1_0.id=? and se1_0.status=?
Hibernate: select c1_0.id,c1_0.code,c1_0.created_at,c1_0.credits,c1_0.description,c1_0.title from courses c1_0 where c1_0.id=?
Hibernate: select f1_0.id,f1_0.created_at,f1_0.department,f1_0.email,f1_0.first_name,f1_0.is_active,f1_0.last_name,f1_0.phone,f1_0.updated_at from faculty f1_0 where f1_0.id=?
Hibernate: select count(se1_0.id) from student_enrollments se1_0 left join course_offerings o1_0 on o1_0.id=se1_0.offering_id where o1_0.id=? and se1_0.status=?
Hibernate: select f1_0.id,f1_0.created_at,f1_0.department,f1_0.email,f1_0.first_name,f1_0.is_active,f1_0.last_name,f1_0.phone,f1_0.updated_at from faculty f1_0 where f1_0.id=?
Hibernate: select count(se1_0.id) from student_enrollments se1_0 left join course_offerings o1_0 on o1_0.id=se1_0.offering_id where o1_0.id=? and se1_0.status=?
Hibernate: select c1_0.id,c1_0.code,c1_0.created_at,c1_0.credits,c1_0.description,c1_0.title from courses c1_0 where c1_0.id=?
Hibernate: select count(se1_0.id) from student_enrollments se1_0 left join course_offerings o1_0 on o1_0.id=se1_0.offering_id where o1_0.id=? and se1_0.status=?
Hibernate: select c1_0.id,c1_0.code,c1_0.created_at,c1_0.credits,c1_0.description,c1_0.title from courses c1_0 where c1_0.id=?
Hibernate: select f1_0.id,f1_0.created_at,f1_0.department,f1_0.email,f1_0.first_name,f1_0.is_active,f1_0.last_name,f1_0.phone,f1_0.updated_at from faculty f1_0 where f1_0.id=?
Hibernate: select count(se1_0.id) from student_enrollments se1_0 left join course_offerings o1_0 on o1_0.id=se1_0.offering_id where o1_0.id=? and se1_0.status=?
Hibernate: select c1_0.id,c1_0.code,c1_0.created_at,c1_0.credits,c1_0.description,c1_0.title from courses c1_0 where c1_0.id=?
Hibernate: select count(se1_0.id) from student_enrollments se1_0 left join course_offerings o1_0 on o1_0.id=se1_0.offering_id where o1_0.id=? and se1_0.status=?
Hibernate: select se1_0.id,se1_0.enrolled_at,se1_0.offering_id,se1_0.status,se1_0.user_id from student_enrollments se1_0 left join users u1_0 on u1_0.id=se1_0.user_id where u1_0.id=?
Hibernate: select co1_0.id,co1_0.capacity,co1_0.course_id,co1_0.created_at,co1_0.faculty_id,co1_0.section_code,co1_0.semester from course_offerings co1_0
Hibernate: select c1_0.id,c1_0.code,c1_0.created_at,c1_0.credits,c1_0.description,c1_0.title from courses c1_0 where c1_0.id=?
Hibernate: select f1_0.id,f1_0.created_at,f1_0.department,f1_0.email,f1_0.first_name,f1_0.is_active,f1_0.last_name,f1_0.phone,f1_0.updated_at from faculty f1_0 where f1_0.id=?
Hibernate: select count(se1_0.id) from student_enrollments se1_0 left join course_offerings o1_0 on o1_0.id=se1_0.offering_id where o1_0.id=? and se1_0.status=?
Hibernate: select f1_0.id,f1_0.created_at,f1_0.department,f1_0.email,f1_0.first_name,f1_0.is_active,f1_0.last_name,f1_0.phone,f1_0.updated_at from faculty f1_0 where f1_0.id=?
Hibernate: select count(se1_0.id) from student_enrollments se1_0 left join course_offerings o1_0 on o1_0.id=se1_0.offering_id where o1_0.id=? and se1_0.status=?
Hibernate: select c1_0.id,c1_0.code,c1_0.created_at,c1_0.credits,c1_0.description,c1_0.title from courses c1_0 where c1_0.id=?
Hibernate: select count(se1_0.id) from student_enrollments se1_0 left join course_offerings o1_0 on o1_0.id=se1_0.offering_id where o1_0.id=? and se1_0.status=?
Hibernate: select c1_0.id,c1_0.code,c1_0.created_at,c1_0.credits,c1_0.description,c1_0.title from courses c1_0 where c1_0.id=?
Hibernate: select count(se1_0.id) from student_enrollments se1_0 left join course_offerings o1_0 on o1_0.id=se1_0.offering_id where o1_0.id=? and se1_0.status=?
Hibernate: select f1_0.id,f1_0.created_at,f1_0.department,f1_0.email,f1_0.first_name,f1_0.is_active,f1_0.last_name,f1_0.phone,f1_0.updated_at from faculty f1_0 where f1_0.id=?
Hibernate: select count(se1_0.id) from student_enrollments se1_0 left join course_offerings o1_0 on o1_0.id=se1_0.offering_id where o1_0.id=? and se1_0.status=?
Hibernate: select c1_0.id,c1_0.code,c1_0.created_at,c1_0.credits,c1_0.description,c1_0.title from courses c1_0 where c1_0.id=?
Hibernate: select count(se1_0.id) from student_enrollments se1_0 left join course_offerings o1_0 on o1_0.id=se1_0.offering_id where o1_0.id=? and se1_0.status=?
Hibernate: select c1_0.id,c1_0.code,c1_0.created_at,c1_0.credits,c1_0.description,c1_0.title from courses c1_0 where c1_0.id=?
Hibernate: select f1_0.id,f1_0.created_at,f1_0.department,f1_0.email,f1_0.first_name,f1_0.is_active,f1_0.last_name,f1_0.phone,f1_0.updated_at from faculty f1_0 where f1_0.id=?
Hibernate: select count(se1_0.id) from student_enrollments se1_0 left join course_offerings o1_0 on o1_0.id=se1_0.offering_id where o1_0.id=? and se1_0.status=?
Hibernate: select f1_0.id,f1_0.created_at,f1_0.department,f1_0.email,f1_0.first_name,f1_0.is_active,f1_0.last_name,f1_0.phone,f1_0.updated_at from faculty f1_0 where f1_0.id=?
Hibernate: select count(se1_0.id) from student_enrollments se1_0 left join course_offerings o1_0 on o1_0.id=se1_0.offering_id where o1_0.id=? and se1_0.status=?
Hibernate: select c1_0.id,c1_0.code,c1_0.created_at,c1_0.credits,c1_0.description,c1_0.title from courses c1_0 where c1_0.id=?
Hibernate: select count(se1_0.id) from student_enrollments se1_0 left join course_offerings o1_0 on o1_0.id=se1_0.offering_id where o1_0.id=? and se1_0.status=?
Hibernate: select c1_0.id,c1_0.code,c1_0.created_at,c1_0.credits,c1_0.description,c1_0.title from courses c1_0 where c1_0.id=?
Hibernate: select f1_0.id,f1_0.created_at,f1_0.department,f1_0.email,f1_0.first_name,f1_0.is_active,f1_0.last_name,f1_0.phone,f1_0.updated_at from faculty f1_0 where f1_0.id=?
Hibernate: select count(se1_0.id) from student_enrollments se1_0 left join course_offerings o1_0 on o1_0.id=se1_0.offering_id where o1_0.id=? and se1_0.status=?
Hibernate: select c1_0.id,c1_0.code,c1_0.created_at,c1_0.credits,c1_0.description,c1_0.title from courses c1_0 where c1_0.id=?
Hibernate: select count(se1_0.id) from student_enrollments se1_0 left join course_offerings o1_0 on o1_0.id=se1_0.offering_id where o1_0.id=? and se1_0.status=?
Hibernate: select u1_0.id,u1_0.password,u1_0.role,u1_0.username from users u1_0 where u1_0.id=?
Hibernate: select co1_0.id,co1_0.capacity,co1_0.course_id,co1_0.created_at,co1_0.faculty_id,co1_0.section_code,co1_0.semester from course_offerings co1_0 where co1_0.id=?
Hibernate: select se1_0.id,se1_0.enrolled_at,se1_0.offering_id,se1_0.status,se1_0.user_id from student_enrollments se1_0 left join users u1_0 on u1_0.id=se1_0.user_id left join course_offerings o1_0 on o1_0.id=se1_0.offering_id where u1_0.id=? and o1_0.id=?
Hibernate: select count(se1_0.id) from student_enrollments se1_0 left join course_offerings o1_0 on o1_0.id=se1_0.offering_id where o1_0.id=? and se1_0.status=?
Hibernate: insert into student_enrollments (enrolled_at,offering_id,status,user_id) values (?,?,?,?)
Hibernate: select c1_0.id,c1_0.code,c1_0.created_at,c1_0.credits,c1_0.description,c1_0.title from courses c1_0 where c1_0.id=?
Hibernate: select f1_0.id,f1_0.created_at,f1_0.department,f1_0.email,f1_0.first_name,f1_0.is_active,f1_0.last_name,f1_0.phone,f1_0.updated_at from faculty f1_0 where f1_0.id=?
Hibernate: select count(se1_0.id) from student_enrollments se1_0 left join course_offerings o1_0 on o1_0.id=se1_0.offering_id where o1_0.id=? and se1_0.status=?
Hibernate: select se1_0.id,se1_0.enrolled_at,se1_0.offering_id,se1_0.status,se1_0.user_id from student_enrollments se1_0 left join users u1_0 on u1_0.id=se1_0.user_id where u1_0.id=?
Hibernate: select co1_0.id,co1_0.capacity,co1_0.course_id,co1_0.created_at,co1_0.faculty_id,co1_0.section_code,co1_0.semester from course_offerings co1_0 where co1_0.id=?
Hibernate: select c1_0.id,c1_0.code,c1_0.created_at,c1_0.credits,c1_0.description,c1_0.title from courses c1_0 where c1_0.id=?
Hibernate: select f1_0.id,f1_0.created_at,f1_0.department,f1_0.email,f1_0.first_name,f1_0.is_active,f1_0.last_name,f1_0.phone,f1_0.updated_at from faculty f1_0 where f1_0.id=?
Hibernate: select count(se1_0.id) from student_enrollments se1_0 left join course_offerings o1_0 on o1_0.id=se1_0.offering_id where o1_0.id=? and se1_0.status=?
Hibernate: select u1_0.id,u1_0.password,u1_0.role,u1_0.username from users u1_0 where u1_0.id=?
Hibernate: select co1_0.id,co1_0.capacity,co1_0.course_id,co1_0.created_at,co1_0.faculty_id,co1_0.section_code,co1_0.semester from course_offerings co1_0
Hibernate: select c1_0.id,c1_0.code,c1_0.created_at,c1_0.credits,c1_0.description,c1_0.title from courses c1_0 where c1_0.id=?
Hibernate: select f1_0.id,f1_0.created_at,f1_0.department,f1_0.email,f1_0.first_name,f1_0.is_active,f1_0.last_name,f1_0.phone,f1_0.updated_at from faculty f1_0 where f1_0.id=?
Hibernate: select count(se1_0.id) from student_enrollments se1_0 left join course_offerings o1_0 on o1_0.id=se1_0.offering_id where o1_0.id=? and se1_0.status=?
Hibernate: select f1_0.id,f1_0.created_at,f1_0.department,f1_0.email,f1_0.first_name,f1_0.is_active,f1_0.last_name,f1_0.phone,f1_0.updated_at from faculty f1_0 where f1_0.id=?
Hibernate: select count(se1_0.id) from student_enrollments se1_0 left join course_offerings o1_0 on o1_0.id=se1_0.offering_id where o1_0.id=? and se1_0.status=?
Hibernate: select c1_0.id,c1_0.code,c1_0.created_at,c1_0.credits,c1_0.description,c1_0.title from courses c1_0 where c1_0.id=?
Hibernate: select count(se1_0.id) from student_enrollments se1_0 left join course_offerings o1_0 on o1_0.id=se1_0.offering_id where o1_0.id=? and se1_0.status=?
Hibernate: select c1_0.id,c1_0.code,c1_0.created_at,c1_0.credits,c1_0.description,c1_0.title from courses c1_0 where c1_0.id=?
Hibernate: select count(se1_0.id) from student_enrollments se1_0 left join course_offerings o1_0 on o1_0.id=se1_0.offering_id where o1_0.id=? and se1_0.status=?
Hibernate: select f1_0.id,f1_0.created_at,f1_0.department,f1_0.email,f1_0.first_name,f1_0.is_active,f1_0.last_name,f1_0.phone,f1_0.updated_at from faculty f1_0 where f1_0.id=?
Hibernate: select count(se1_0.id) from student_enrollments se1_0 left join course_offerings o1_0 on o1_0.id=se1_0.offering_id where o1_0.id=? and se1_0.status=?
Hibernate: select c1_0.id,c1_0.code,c1_0.created_at,c1_0.credits,c1_0.description,c1_0.title from courses c1_0 where c1_0.id=?
Hibernate: select count(se1_0.id) from student_enrollments se1_0 left join course_offerings o1_0 on o1_0.id=se1_0.offering_id where o1_0.id=? and se1_0.status=?
Hibernate: select c1_0.id,c1_0.code,c1_0.created_at,c1_0.credits,c1_0.description,c1_0.title from courses c1_0 where c1_0.id=?
Hibernate: select f1_0.id,f1_0.created_at,f1_0.department,f1_0.email,f1_0.first_name,f1_0.is_active,f1_0.last_name,f1_0.phone,f1_0.updated_at from faculty f1_0 where f1_0.id=?
Hibernate: select count(se1_0.id) from student_enrollments se1_0 left join course_offerings o1_0 on o1_0.id=se1_0.offering_id where o1_0.id=? and se1_0.status=?
Hibernate: select f1_0.id,f1_0.created_at,f1_0.department,f1_0.email,f1_0.first_name,f1_0.is_active,f1_0.last_name,f1_0.phone,f1_0.updated_at from faculty f1_0 where f1_0.id=?
Hibernate: select count(se1_0.id) from student_enrollments se1_0 left join course_offerings o1_0 on o1_0.id=se1_0.offering_id where o1_0.id=? and se1_0.status=?
Hibernate: select c1_0.id,c1_0.code,c1_0.created_at,c1_0.credits,c1_0.description,c1_0.title from courses c1_0 where c1_0.id=?
Hibernate: select count(se1_0.id) from student_enrollments se1_0 left join course_offerings o1_0 on o1_0.id=se1_0.offering_id where o1_0.id=? and se1_0.status=?
Hibernate: select c1_0.id,c1_0.code,c1_0.created_at,c1_0.credits,c1_0.description,c1_0.title from courses c1_0 where c1_0.id=?
Hibernate: select f1_0.id,f1_0.created_at,f1_0.department,f1_0.email,f1_0.first_name,f1_0.is_active,f1_0.last_name,f1_0.phone,f1_0.updated_at from faculty f1_0 where f1_0.id=?
Hibernate: select count(se1_0.id) from student_enrollments se1_0 left join course_offerings o1_0 on o1_0.id=se1_0.offering_id where o1_0.id=? and se1_0.status=?
Hibernate: select c1_0.id,c1_0.code,c1_0.created_at,c1_0.credits,c1_0.description,c1_0.title from courses c1_0 where c1_0.id=?
Hibernate: select count(se1_0.id) from student_enrollments se1_0 left join course_offerings o1_0 on o1_0.id=se1_0.offering_id where o1_0.id=? and se1_0.status=?
Hibernate: select u1_0.id,u1_0.password,u1_0.role,u1_0.username from users u1_0 where u1_0.username=?
Hibernate: select u1_0.id,u1_0.password,u1_0.role,u1_0.username from users u1_0 where u1_0.username=?
Hibernate: select e1_0.id,e1_0.body,e1_0.created_at,e1_0.created_by,e1_0.end_datetime,e1_0.is_public,e1_0.start_datetime,e1_0.title from events e1_0
Hibernate: select e1_0.id,e1_0.body,e1_0.created_at,e1_0.created_by,e1_0.end_datetime,e1_0.is_public,e1_0.start_datetime,e1_0.title from events e1_0
Hibernate: select co1_0.id,co1_0.capacity,co1_0.course_id,co1_0.created_at,co1_0.faculty_id,co1_0.section_code,co1_0.semester from course_offerings co1_0
Hibernate: select c1_0.id,c1_0.code,c1_0.created_at,c1_0.credits,c1_0.description,c1_0.title from courses c1_0 where c1_0.id=?
Hibernate: select f1_0.id,f1_0.created_at,f1_0.department,f1_0.email,f1_0.first_name,f1_0.is_active,f1_0.last_name,f1_0.phone,f1_0.updated_at from faculty f1_0 where f1_0.id=?
Hibernate: select count(se1_0.id) from student_enrollments se1_0 left join course_offerings o1_0 on o1_0.id=se1_0.offering_id where o1_0.id=? and se1_0.status=?
Hibernate: select f1_0.id,f1_0.created_at,f1_0.department,f1_0.email,f1_0.first_name,f1_0.is_active,f1_0.last_name,f1_0.phone,f1_0.updated_at from faculty f1_0 where f1_0.id=?
Hibernate: select count(se1_0.id) from student_enrollments se1_0 left join course_offerings o1_0 on o1_0.id=se1_0.offering_id where o1_0.id=? and se1_0.status=?
Hibernate: select c1_0.id,c1_0.code,c1_0.created_at,c1_0.credits,c1_0.description,c1_0.title from courses c1_0 where c1_0.id=?
Hibernate: select count(se1_0.id) from student_enrollments se1_0 left join course_offerings o1_0 on o1_0.id=se1_0.offering_id where o1_0.id=? and se1_0.status=?
Hibernate: select c1_0.id,c1_0.code,c1_0.created_at,c1_0.credits,c1_0.description,c1_0.title from courses c1_0 where c1_0.id=?
Hibernate: select count(se1_0.id) from student_enrollments se1_0 left join course_offerings o1_0 on o1_0.id=se1_0.offering_id where o1_0.id=? and se1_0.status=?
Hibernate: select f1_0.id,f1_0.created_at,f1_0.department,f1_0.email,f1_0.first_name,f1_0.is_active,f1_0.last_name,f1_0.phone,f1_0.updated_at from faculty f1_0 where f1_0.id=?
Hibernate: select count(se1_0.id) from student_enrollments se1_0 left join course_offerings o1_0 on o1_0.id=se1_0.offering_id where o1_0.id=? and se1_0.status=?
Hibernate: select c1_0.id,c1_0.code,c1_0.created_at,c1_0.credits,c1_0.description,c1_0.title from courses c1_0 where c1_0.id=?
Hibernate: select count(se1_0.id) from student_enrollments se1_0 left join course_offerings o1_0 on o1_0.id=se1_0.offering_id where o1_0.id=? and se1_0.status=?
Hibernate: select c1_0.id,c1_0.code,c1_0.created_at,c1_0.credits,c1_0.description,c1_0.title from courses c1_0 where c1_0.id=?
Hibernate: select f1_0.id,f1_0.created_at,f1_0.department,f1_0.email,f1_0.first_name,f1_0.is_active,f1_0.last_name,f1_0.phone,f1_0.updated_at from faculty f1_0 where f1_0.id=?
Hibernate: select count(se1_0.id) from student_enrollments se1_0 left join course_offerings o1_0 on o1_0.id=se1_0.offering_id where o1_0.id=? and se1_0.status=?
Hibernate: select f1_0.id,f1_0.created_at,f1_0.department,f1_0.email,f1_0.first_name,f1_0.is_active,f1_0.last_name,f1_0.phone,f1_0.updated_at from faculty f1_0 where f1_0.id=?
Hibernate: select count(se1_0.id) from student_enrollments se1_0 left join course_offerings o1_0 on o1_0.id=se1_0.offering_id where o1_0.id=? and se1_0.status=?
Hibernate: select c1_0.id,c1_0.code,c1_0.created_at,c1_0.credits,c1_0.description,c1_0.title from courses c1_0 where c1_0.id=?
Hibernate: select count(se1_0.id) from student_enrollments se1_0 left join course_offerings o1_0 on o1_0.id=se1_0.offering_id where o1_0.id=? and se1_0.status=?
Hibernate: select c1_0.id,c1_0.code,c1_0.created_at,c1_0.credits,c1_0.description,c1_0.title from courses c1_0 where c1_0.id=?
Hibernate: select f1_0.id,f1_0.created_at,f1_0.department,f1_0.email,f1_0.first_name,f1_0.is_active,f1_0.last_name,f1_0.phone,f1_0.updated_at from faculty f1_0 where f1_0.id=?
Hibernate: select count(se1_0.id) from student_enrollments se1_0 left join course_offerings o1_0 on o1_0.id=se1_0.offering_id where o1_0.id=? and se1_0.status=?
Hibernate: select c1_0.id,c1_0.code,c1_0.created_at,c1_0.credits,c1_0.description,c1_0.title from courses c1_0 where c1_0.id=?
Hibernate: select count(se1_0.id) from student_enrollments se1_0 left join course_offerings o1_0 on o1_0.id=se1_0.offering_id where o1_0.id=? and se1_0.status=?
Hibernate: select co1_0.id,co1_0.capacity,co1_0.course_id,co1_0.created_at,co1_0.faculty_id,co1_0.section_code,co1_0.semester from course_offerings co1_0
Hibernate: select c1_0.id,c1_0.code,c1_0.created_at,c1_0.credits,c1_0.description,c1_0.title from courses c1_0 where c1_0.id=?
Hibernate: select f1_0.id,f1_0.created_at,f1_0.department,f1_0.email,f1_0.first_name,f1_0.is_active,f1_0.last_name,f1_0.phone,f1_0.updated_at from faculty f1_0 where f1_0.id=?
Hibernate: select count(se1_0.id) from student_enrollments se1_0 left join course_offerings o1_0 on o1_0.id=se1_0.offering_id where o1_0.id=? and se1_0.status=?
Hibernate: select f1_0.id,f1_0.created_at,f1_0.department,f1_0.email,f1_0.first_name,f1_0.is_active,f1_0.last_name,f1_0.phone,f1_0.updated_at from faculty f1_0 where f1_0.id=?
Hibernate: select count(se1_0.id) from student_enrollments se1_0 left join course_offerings o1_0 on o1_0.id=se1_0.offering_id where o1_0.id=? and se1_0.status=?
Hibernate: select c1_0.id,c1_0.code,c1_0.created_at,c1_0.credits,c1_0.description,c1_0.title from courses c1_0 where c1_0.id=?
Hibernate: select count(se1_0.id) from student_enrollments se1_0 left join course_offerings o1_0 on o1_0.id=se1_0.offering_id where o1_0.id=? and se1_0.status=?
Hibernate: select c1_0.id,c1_0.code,c1_0.created_at,c1_0.credits,c1_0.description,c1_0.title from courses c1_0 where c1_0.id=?
Hibernate: select count(se1_0.id) from student_enrollments se1_0 left join course_offerings o1_0 on o1_0.id=se1_0.offering_id where o1_0.id=? and se1_0.status=?
Hibernate: select f1_0.id,f1_0.created_at,f1_0.department,f1_0.email,f1_0.first_name,f1_0.is_active,f1_0.last_name,f1_0.phone,f1_0.updated_at from faculty f1_0 where f1_0.id=?
Hibernate: select count(se1_0.id) from student_enrollments se1_0 left join course_offerings o1_0 on o1_0.id=se1_0.offering_id where o1_0.id=? and se1_0.status=?
Hibernate: select c1_0.id,c1_0.code,c1_0.created_at,c1_0.credits,c1_0.description,c1_0.title from courses c1_0 where c1_0.id=?
Hibernate: select count(se1_0.id) from student_enrollments se1_0 left join course_offerings o1_0 on o1_0.id=se1_0.offering_id where o1_0.id=? and se1_0.status=?
Hibernate: select c1_0.id,c1_0.code,c1_0.created_at,c1_0.credits,c1_0.description,c1_0.title from courses c1_0 where c1_0.id=?
Hibernate: select f1_0.id,f1_0.created_at,f1_0.department,f1_0.email,f1_0.first_name,f1_0.is_active,f1_0.last_name,f1_0.phone,f1_0.updated_at from faculty f1_0 where f1_0.id=?
Hibernate: select count(se1_0.id) from student_enrollments se1_0 left join course_offerings o1_0 on o1_0.id=se1_0.offering_id where o1_0.id=? and se1_0.status=?
Hibernate: select f1_0.id,f1_0.created_at,f1_0.department,f1_0.email,f1_0.first_name,f1_0.is_active,f1_0.last_name,f1_0.phone,f1_0.updated_at from faculty f1_0 where f1_0.id=?
Hibernate: select count(se1_0.id) from student_enrollments se1_0 left join course_offerings o1_0 on o1_0.id=se1_0.offering_id where o1_0.id=? and se1_0.status=?
Hibernate: select c1_0.id,c1_0.code,c1_0.created_at,c1_0.credits,c1_0.description,c1_0.title from courses c1_0 where c1_0.id=?
Hibernate: select count(se1_0.id) from student_enrollments se1_0 left join course_offerings o1_0 on o1_0.id=se1_0.offering_id where o1_0.id=? and se1_0.status=?
Hibernate: select c1_0.id,c1_0.code,c1_0.created_at,c1_0.credits,c1_0.description,c1_0.title from courses c1_0 where c1_0.id=?
Hibernate: select f1_0.id,f1_0.created_at,f1_0.department,f1_0.email,f1_0.first_name,f1_0.is_active,f1_0.last_name,f1_0.phone,f1_0.updated_at from faculty f1_0 where f1_0.id=?
Hibernate: select count(se1_0.id) from student_enrollments se1_0 left join course_offerings o1_0 on o1_0.id=se1_0.offering_id where o1_0.id=? and se1_0.status=?
Hibernate: select c1_0.id,c1_0.code,c1_0.created_at,c1_0.credits,c1_0.description,c1_0.title from courses c1_0 where c1_0.id=?
Hibernate: select count(se1_0.id) from student_enrollments se1_0 left join course_offerings o1_0 on o1_0.id=se1_0.offering_id where o1_0.id=? and se1_0.status=?
Hibernate: select co1_0.id,co1_0.capacity,co1_0.course_id,co1_0.created_at,co1_0.faculty_id,co1_0.section_code,co1_0.semester from course_offerings co1_0
Hibernate: select c1_0.id,c1_0.code,c1_0.created_at,c1_0.credits,c1_0.description,c1_0.title from courses c1_0 where c1_0.id=?
Hibernate: select f1_0.id,f1_0.created_at,f1_0.department,f1_0.email,f1_0.first_name,f1_0.is_active,f1_0.last_name,f1_0.phone,f1_0.updated_at from faculty f1_0 where f1_0.id=?
Hibernate: select count(se1_0.id) from student_enrollments se1_0 left join course_offerings o1_0 on o1_0.id=se1_0.offering_id where o1_0.id=? and se1_0.status=?
Hibernate: select f1_0.id,f1_0.created_at,f1_0.department,f1_0.email,f1_0.first_name,f1_0.is_active,f1_0.last_name,f1_0.phone,f1_0.updated_at from faculty f1_0 where f1_0.id=?
Hibernate: select count(se1_0.id) from student_enrollments se1_0 left join course_offerings o1_0 on o1_0.id=se1_0.offering_id where o1_0.id=? and se1_0.status=?
Hibernate: select c1_0.id,c1_0.code,c1_0.created_at,c1_0.credits,c1_0.description,c1_0.title from courses c1_0 where c1_0.id=?
Hibernate: select count(se1_0.id) from student_enrollments se1_0 left join course_offerings o1_0 on o1_0.id=se1_0.offering_id where o1_0.id=? and se1_0.status=?
Hibernate: select c1_0.id,c1_0.code,c1_0.created_at,c1_0.credits,c1_0.description,c1_0.title from courses c1_0 where c1_0.id=?
Hibernate: select count(se1_0.id) from student_enrollments se1_0 left join course_offerings o1_0 on o1_0.id=se1_0.offering_id where o1_0.id=? and se1_0.status=?
Hibernate: select f1_0.id,f1_0.created_at,f1_0.department,f1_0.email,f1_0.first_name,f1_0.is_active,f1_0.last_name,f1_0.phone,f1_0.updated_at from faculty f1_0 where f1_0.id=?
Hibernate: select count(se1_0.id) from student_enrollments se1_0 left join course_offerings o1_0 on o1_0.id=se1_0.offering_id where o1_0.id=? and se1_0.status=?
Hibernate: select c1_0.id,c1_0.code,c1_0.created_at,c1_0.credits,c1_0.description,c1_0.title from courses c1_0 where c1_0.id=?
Hibernate: select count(se1_0.id) from student_enrollments se1_0 left join course_offerings o1_0 on o1_0.id=se1_0.offering_id where o1_0.id=? and se1_0.status=?
Hibernate: select c1_0.id,c1_0.code,c1_0.created_at,c1_0.credits,c1_0.description,c1_0.title from courses c1_0 where c1_0.id=?
Hibernate: select f1_0.id,f1_0.created_at,f1_0.department,f1_0.email,f1_0.first_name,f1_0.is_active,f1_0.last_name,f1_0.phone,f1_0.updated_at from faculty f1_0 where f1_0.id=?
Hibernate: select count(se1_0.id) from student_enrollments se1_0 left join course_offerings o1_0 on o1_0.id=se1_0.offering_id where o1_0.id=? and se1_0.status=?
Hibernate: select f1_0.id,f1_0.created_at,f1_0.department,f1_0.email,f1_0.first_name,f1_0.is_active,f1_0.last_name,f1_0.phone,f1_0.updated_at from faculty f1_0 where f1_0.id=?
Hibernate: select count(se1_0.id) from student_enrollments se1_0 left join course_offerings o1_0 on o1_0.id=se1_0.offering_id where o1_0.id=? and se1_0.status=?
Hibernate: select c1_0.id,c1_0.code,c1_0.created_at,c1_0.credits,c1_0.description,c1_0.title from courses c1_0 where c1_0.id=?
Hibernate: select count(se1_0.id) from student_enrollments se1_0 left join course_offerings o1_0 on o1_0.id=se1_0.offering_id where o1_0.id=? and se1_0.status=?
Hibernate: select c1_0.id,c1_0.code,c1_0.created_at,c1_0.credits,c1_0.description,c1_0.title from courses c1_0 where c1_0.id=?
Hibernate: select f1_0.id,f1_0.created_at,f1_0.department,f1_0.email,f1_0.first_name,f1_0.is_active,f1_0.last_name,f1_0.phone,f1_0.updated_at from faculty f1_0 where f1_0.id=?
Hibernate: select count(se1_0.id) from student_enrollments se1_0 left join course_offerings o1_0 on o1_0.id=se1_0.offering_id where o1_0.id=? and se1_0.status=?
Hibernate: select c1_0.id,c1_0.code,c1_0.created_at,c1_0.credits,c1_0.description,c1_0.title from courses c1_0 where c1_0.id=?
Hibernate: select count(se1_0.id) from student_enrollments se1_0 left join course_offerings o1_0 on o1_0.id=se1_0.offering_id where o1_0.id=? and se1_0.status=?
Hibernate: select co1_0.id,co1_0.capacity,co1_0.course_id,co1_0.created_at,co1_0.faculty_id,co1_0.section_code,co1_0.semester from course_offerings co1_0
Hibernate: select c1_0.id,c1_0.code,c1_0.created_at,c1_0.credits,c1_0.description,c1_0.title from courses c1_0 where c1_0.id=?
Hibernate: select f1_0.id,f1_0.created_at,f1_0.department,f1_0.email,f1_0.first_name,f1_0.is_active,f1_0.last_name,f1_0.phone,f1_0.updated_at from faculty f1_0 where f1_0.id=?
Hibernate: select count(se1_0.id) from student_enrollments se1_0 left join course_offerings o1_0 on o1_0.id=se1_0.offering_id where o1_0.id=? and se1_0.status=?
Hibernate: select f1_0.id,f1_0.created_at,f1_0.department,f1_0.email,f1_0.first_name,f1_0.is_active,f1_0.last_name,f1_0.phone,f1_0.updated_at from faculty f1_0 where f1_0.id=?
Hibernate: select count(se1_0.id) from student_enrollments se1_0 left join course_offerings o1_0 on o1_0.id=se1_0.offering_id where o1_0.id=? and se1_0.status=?
Hibernate: select c1_0.id,c1_0.code,c1_0.created_at,c1_0.credits,c1_0.description,c1_0.title from courses c1_0 where c1_0.id=?
Hibernate: select count(se1_0.id) from student_enrollments se1_0 left join course_offerings o1_0 on o1_0.id=se1_0.offering_id where o1_0.id=? and se1_0.status=?
Hibernate: select c1_0.id,c1_0.code,c1_0.created_at,c1_0.credits,c1_0.description,c1_0.title from courses c1_0 where c1_0.id=?
Hibernate: select count(se1_0.id) from student_enrollments se1_0 left join course_offerings o1_0 on o1_0.id=se1_0.offering_id where o1_0.id=? and se1_0.status=?
Hibernate: select f1_0.id,f1_0.created_at,f1_0.department,f1_0.email,f1_0.first_name,f1_0.is_active,f1_0.last_name,f1_0.phone,f1_0.updated_at from faculty f1_0 where f1_0.id=?
Hibernate: select count(se1_0.id) from student_enrollments se1_0 left join course_offerings o1_0 on o1_0.id=se1_0.offering_id where o1_0.id=? and se1_0.status=?
Hibernate: select c1_0.id,c1_0.code,c1_0.created_at,c1_0.credits,c1_0.description,c1_0.title from courses c1_0 where c1_0.id=?
Hibernate: select u1_0.id,u1_0.password,u1_0.role,u1_0.username from users u1_0 where u1_0.username=?
Hibernate: select count(se1_0.id) from student_enrollments se1_0 left join course_offerings o1_0 on o1_0.id=se1_0.offering_id where o1_0.id=? and se1_0.status=?
Hibernate: select c1_0.id,c1_0.code,c1_0.created_at,c1_0.credits,c1_0.description,c1_0.title from courses c1_0 where c1_0.id=?
Hibernate: select f1_0.id,f1_0.created_at,f1_0.department,f1_0.email,f1_0.first_name,f1_0.is_active,f1_0.last_name,f1_0.phone,f1_0.updated_at from faculty f1_0 where f1_0.id=?
Hibernate: select count(se1_0.id) from student_enrollments se1_0 left join course_offerings o1_0 on o1_0.id=se1_0.offering_id where o1_0.id=? and se1_0.status=?
Hibernate: select f1_0.id,f1_0.created_at,f1_0.department,f1_0.email,f1_0.first_name,f1_0.is_active,f1_0.last_name,f1_0.phone,f1_0.updated_at from faculty f1_0 where f1_0.id=?
Hibernate: select count(se1_0.id) from student_enrollments se1_0 left join course_offerings o1_0 on o1_0.id=se1_0.offering_id where o1_0.id=? and se1_0.status=?
Hibernate: select c1_0.id,c1_0.code,c1_0.created_at,c1_0.credits,c1_0.description,c1_0.title from courses c1_0 where c1_0.id=?
Hibernate: select count(se1_0.id) from student_enrollments se1_0 left join course_offerings o1_0 on o1_0.id=se1_0.offering_id where o1_0.id=? and se1_0.status=?
Hibernate: select c1_0.id,c1_0.code,c1_0.created_at,c1_0.credits,c1_0.description,c1_0.title from courses c1_0 where c1_0.id=?
Hibernate: select f1_0.id,f1_0.created_at,f1_0.department,f1_0.email,f1_0.first_name,f1_0.is_active,f1_0.last_name,f1_0.phone,f1_0.updated_at from faculty f1_0 where f1_0.id=?
Hibernate: select count(se1_0.id) from student_enrollments se1_0 left join course_offerings o1_0 on o1_0.id=se1_0.offering_id where o1_0.id=? and se1_0.status=?
Hibernate: select c1_0.id,c1_0.code,c1_0.created_at,c1_0.credits,c1_0.description,c1_0.title from courses c1_0 where c1_0.id=?
Hibernate: select count(se1_0.id) from student_enrollments se1_0 left join course_offerings o1_0 on o1_0.id=se1_0.offering_id where o1_0.id=? and se1_0.status=?
Hibernate: select u1_0.id,u1_0.password,u1_0.role,u1_0.username from users u1_0 where u1_0.username=?
Hibernate: select t1_0.id,t1_0.day_of_week,t1_0.end_time,t1_0.faculty_name,t1_0.room,t1_0.start_time,t1_0.student_id,t1_0.subject from timetable t1_0 where t1_0.student_id=? order by t1_0.day_of_week,t1_0.start_time
Hibernate: select u1_0.id,u1_0.password,u1_0.role,u1_0.username from users u1_0 where u1_0.username=?
Hibernate: select co1_0.id,co1_0.capacity,co1_0.course_id,co1_0.created_at,co1_0.faculty_id,co1_0.section_code,co1_0.semester from course_offerings co1_0
Hibernate: select c1_0.id,c1_0.code,c1_0.created_at,c1_0.credits,c1_0.description,c1_0.title from courses c1_0 where c1_0.id=?
Hibernate: select f1_0.id,f1_0.created_at,f1_0.department,f1_0.email,f1_0.first_name,f1_0.is_active,f1_0.last_name,f1_0.phone,f1_0.updated_at from faculty f1_0 where f1_0.id=?
Hibernate: select count(se1_0.id) from student_enrollments se1_0 left join course_offerings o1_0 on o1_0.id=se1_0.offering_id where o1_0.id=? and se1_0.status=?
Hibernate: select f1_0.id,f1_0.created_at,f1_0.department,f1_0.email,f1_0.first_name,f1_0.is_active,f1_0.last_name,f1_0.phone,f1_0.updated_at from faculty f1_0 where f1_0.id=?
Hibernate: select count(se1_0.id) from student_enrollments se1_0 left join course_offerings o1_0 on o1_0.id=se1_0.offering_id where o1_0.id=? and se1_0.status=?
Hibernate: select c1_0.id,c1_0.code,c1_0.created_at,c1_0.credits,c1_0.description,c1_0.title from courses c1_0 where c1_0.id=?
Hibernate: select count(se1_0.id) from student_enrollments se1_0 left join course_offerings o1_0 on o1_0.id=se1_0.offering_id where o1_0.id=? and se1_0.status=?
Hibernate: select c1_0.id,c1_0.code,c1_0.created_at,c1_0.credits,c1_0.description,c1_0.title from courses c1_0 where c1_0.id=?
Hibernate: select count(se1_0.id) from student_enrollments se1_0 left join course_offerings o1_0 on o1_0.id=se1_0.offering_id where o1_0.id=? and se1_0.status=?
Hibernate: select f1_0.id,f1_0.created_at,f1_0.department,f1_0.email,f1_0.first_name,f1_0.is_active,f1_0.last_name,f1_0.phone,f1_0.updated_at from faculty f1_0 where f1_0.id=?
Hibernate: select count(se1_0.id) from student_enrollments se1_0 left join course_offerings o1_0 on o1_0.id=se1_0.offering_id where o1_0.id=? and se1_0.status=?
Hibernate: select c1_0.id,c1_0.code,c1_0.created_at,c1_0.credits,c1_0.description,c1_0.title from courses c1_0 where c1_0.id=?
Hibernate: select count(se1_0.id) from student_enrollments se1_0 left join course_offerings o1_0 on o1_0.id=se1_0.offering_id where o1_0.id=? and se1_0.status=?
Hibernate: select c1_0.id,c1_0.code,c1_0.created_at,c1_0.credits,c1_0.description,c1_0.title from courses c1_0 where c1_0.id=?
Hibernate: select f1_0.id,f1_0.created_at,f1_0.department,f1_0.email,f1_0.first_name,f1_0.is_active,f1_0.last_name,f1_0.phone,f1_0.updated_at from faculty f1_0 where f1_0.id=?
Hibernate: select count(se1_0.id) from student_enrollments se1_0 left join course_offerings o1_0 on o1_0.id=se1_0.offering_id where o1_0.id=? and se1_0.status=?
Hibernate: select f1_0.id,f1_0.created_at,f1_0.department,f1_0.email,f1_0.first_name,f1_0.is_active,f1_0.last_name,f1_0.phone,f1_0.updated_at from faculty f1_0 where f1_0.id=?
Hibernate: select count(se1_0.id) from student_enrollments se1_0 left join course_offerings o1_0 on o1_0.id=se1_0.offering_id where o1_0.id=? and se1_0.status=?
Hibernate: select c1_0.id,c1_0.code,c1_0.created_at,c1_0.credits,c1_0.description,c1_0.title from courses c1_0 where c1_0.id=?
Hibernate: select count(se1_0.id) from student_enrollments se1_0 left join course_offerings o1_0 on o1_0.id=se1_0.offering_id where o1_0.id=? and se1_0.status=?
Hibernate: select c1_0.id,c1_0.code,c1_0.created_at,c1_0.credits,c1_0.description,c1_0.title from courses c1_0 where c1_0.id=?
Hibernate: select f1_0.id,f1_0.created_at,f1_0.department,f1_0.email,f1_0.first_name,f1_0.is_active,f1_0.last_name,f1_0.phone,f1_0.updated_at from faculty f1_0 where f1_0.id=?
Hibernate: select count(se1_0.id) from student_enrollments se1_0 left join course_offerings o1_0 on o1_0.id=se1_0.offering_id where o1_0.id=? and se1_0.status=?
Hibernate: select c1_0.id,c1_0.code,c1_0.created_at,c1_0.credits,c1_0.description,c1_0.title from courses c1_0 where c1_0.id=?
Hibernate: select count(se1_0.id) from student_enrollments se1_0 left join course_offerings o1_0 on o1_0.id=se1_0.offering_id where o1_0.id=? and se1_0.status=?
Hibernate: select se1_0.id,se1_0.enrolled_at,se1_0.offering_id,se1_0.status,se1_0.user_id from student_enrollments se1_0 left join users u1_0 on u1_0.id=se1_0.user_id where u1_0.id=?
Hibernate: select co1_0.id,co1_0.capacity,co1_0.course_id,co1_0.created_at,co1_0.faculty_id,co1_0.section_code,co1_0.semester from course_offerings co1_0
Hibernate: select c1_0.id,c1_0.code,c1_0.created_at,c1_0.credits,c1_0.description,c1_0.title from courses c1_0 where c1_0.id=?
Hibernate: select f1_0.id,f1_0.created_at,f1_0.department,f1_0.email,f1_0.first_name,f1_0.is_active,f1_0.last_name,f1_0.phone,f1_0.updated_at from faculty f1_0 where f1_0.id=?
Hibernate: select count(se1_0.id) from student_enrollments se1_0 left join course_offerings o1_0 on o1_0.id=se1_0.offering_id where o1_0.id=? and se1_0.status=?
Hibernate: select f1_0.id,f1_0.created_at,f1_0.department,f1_0.email,f1_0.first_name,f1_0.is_active,f1_0.last_name,f1_0.phone,f1_0.updated_at from faculty f1_0 where f1_0.id=?
Hibernate: select count(se1_0.id) from student_enrollments se1_0 left join course_offerings o1_0 on o1_0.id=se1_0.offering_id where o1_0.id=? and se1_0.status=?
Hibernate: select c1_0.id,c1_0.code,c1_0.created_at,c1_0.credits,c1_0.description,c1_0.title from courses c1_0 where c1_0.id=?
Hibernate: select count(se1_0.id) from student_enrollments se1_0 left join course_offerings o1_0 on o1_0.id=se1_0.offering_id where o1_0.id=? and se1_0.status=?
Hibernate: select c1_0.id,c1_0.code,c1_0.created_at,c1_0.credits,c1_0.description,c1_0.title from courses c1_0 where c1_0.id=?
Hibernate: select count(se1_0.id) from student_enrollments se1_0 left join course_offerings o1_0 on o1_0.id=se1_0.offering_id where o1_0.id=? and se1_0.status=?
Hibernate: select f1_0.id,f1_0.created_at,f1_0.department,f1_0.email,f1_0.first_name,f1_0.is_active,f1_0.last_name,f1_0.phone,f1_0.updated_at from faculty f1_0 where f1_0.id=?
Hibernate: select count(se1_0.id) from student_enrollments se1_0 left join course_offerings o1_0 on o1_0.id=se1_0.offering_id where o1_0.id=? and se1_0.status=?
Hibernate: select c1_0.id,c1_0.code,c1_0.created_at,c1_0.credits,c1_0.description,c1_0.title from courses c1_0 where c1_0.id=?
Hibernate: select count(se1_0.id) from student_enrollments se1_0 left join course_offerings o1_0 on o1_0.id=se1_0.offering_id where o1_0.id=? and se1_0.status=?
Hibernate: select c1_0.id,c1_0.code,c1_0.created_at,c1_0.credits,c1_0.description,c1_0.title from courses c1_0 where c1_0.id=?
Hibernate: select f1_0.id,f1_0.created_at,f1_0.department,f1_0.email,f1_0.first_name,f1_0.is_active,f1_0.last_name,f1_0.phone,f1_0.updated_at from faculty f1_0 where f1_0.id=?
Hibernate: select count(se1_0.id) from student_enrollments se1_0 left join course_offerings o1_0 on o1_0.id=se1_0.offering_id where o1_0.id=? and se1_0.status=?
Hibernate: select f1_0.id,f1_0.created_at,f1_0.department,f1_0.email,f1_0.first_name,f1_0.is_active,f1_0.last_name,f1_0.phone,f1_0.updated_at from faculty f1_0 where f1_0.id=?
Hibernate: select count(se1_0.id) from student_enrollments se1_0 left join course_offerings o1_0 on o1_0.id=se1_0.offering_id where o1_0.id=? and se1_0.status=?
Hibernate: select c1_0.id,c1_0.code,c1_0.created_at,c1_0.credits,c1_0.description,c1_0.title from courses c1_0 where c1_0.id=?
Hibernate: select count(se1_0.id) from student_enrollments se1_0 left join course_offerings o1_0 on o1_0.id=se1_0.offering_id where o1_0.id=? and se1_0.status=?
Hibernate: select c1_0.id,c1_0.code,c1_0.created_at,c1_0.credits,c1_0.description,c1_0.title from courses c1_0 where c1_0.id=?
Hibernate: select f1_0.id,f1_0.created_at,f1_0.department,f1_0.email,f1_0.first_name,f1_0.is_active,f1_0.last_name,f1_0.phone,f1_0.updated_at from faculty f1_0 where f1_0.id=?
Hibernate: select count(se1_0.id) from student_enrollments se1_0 left join course_offerings o1_0 on o1_0.id=se1_0.offering_id where o1_0.id=? and se1_0.status=?
Hibernate: select c1_0.id,c1_0.code,c1_0.created_at,c1_0.credits,c1_0.description,c1_0.title from courses c1_0 where c1_0.id=?
Hibernate: select count(se1_0.id) from student_enrollments se1_0 left join course_offerings o1_0 on o1_0.id=se1_0.offering_id where o1_0.id=? and se1_0.status=?
Hibernate: select u1_0.id,u1_0.password,u1_0.role,u1_0.username from users u1_0 where u1_0.id=?
Hibernate: select co1_0.id,co1_0.capacity,co1_0.course_id,co1_0.created_at,co1_0.faculty_id,co1_0.section_code,co1_0.semester from course_offerings co1_0 where co1_0.id=?
Hibernate: select se1_0.id,se1_0.enrolled_at,se1_0.offering_id,se1_0.status,se1_0.user_id from student_enrollments se1_0 left join users u1_0 on u1_0.id=se1_0.user_id left join course_offerings o1_0 on o1_0.id=se1_0.offering_id where u1_0.id=? and o1_0.id=?
Hibernate: select count(se1_0.id) from student_enrollments se1_0 left join course_offerings o1_0 on o1_0.id=se1_0.offering_id where o1_0.id=? and se1_0.status=?
Hibernate: insert into student_enrollments (enrolled_at,offering_id,status,user_id) values (?,?,?,?)
Hibernate: select c1_0.id,c1_0.code,c1_0.created_at,c1_0.credits,c1_0.description,c1_0.title from courses c1_0 where c1_0.id=?
Hibernate: select f1_0.id,f1_0.created_at,f1_0.department,f1_0.email,f1_0.first_name,f1_0.is_active,f1_0.last_name,f1_0.phone,f1_0.updated_at from faculty f1_0 where f1_0.id=?
Hibernate: select count(se1_0.id) from student_enrollments se1_0 left join course_offerings o1_0 on o1_0.id=se1_0.offering_id where o1_0.id=? and se1_0.status=?
Hibernate: select se1_0.id,se1_0.enrolled_at,se1_0.offering_id,se1_0.status,se1_0.user_id from student_enrollments se1_0 left join users u1_0 on u1_0.id=se1_0.user_id where u1_0.id=?
Hibernate: select co1_0.id,co1_0.capacity,co1_0.course_id,co1_0.created_at,co1_0.faculty_id,co1_0.section_code,co1_0.semester from course_offerings co1_0 where co1_0.id=?
Hibernate: select c1_0.id,c1_0.code,c1_0.created_at,c1_0.credits,c1_0.description,c1_0.title from courses c1_0 where c1_0.id=?
Hibernate: select f1_0.id,f1_0.created_at,f1_0.department,f1_0.email,f1_0.first_name,f1_0.is_active,f1_0.last_name,f1_0.phone,f1_0.updated_at from faculty f1_0 where f1_0.id=?
Hibernate: select count(se1_0.id) from student_enrollments se1_0 left join course_offerings o1_0 on o1_0.id=se1_0.offering_id where o1_0.id=? and se1_0.status=?
Hibernate: select u1_0.id,u1_0.password,u1_0.role,u1_0.username from users u1_0 where u1_0.id=?
Hibernate: select co1_0.id,co1_0.capacity,co1_0.course_id,co1_0.created_at,co1_0.faculty_id,co1_0.section_code,co1_0.semester from course_offerings co1_0
Hibernate: select c1_0.id,c1_0.code,c1_0.created_at,c1_0.credits,c1_0.description,c1_0.title from courses c1_0 where c1_0.id=?
Hibernate: select f1_0.id,f1_0.created_at,f1_0.department,f1_0.email,f1_0.first_name,f1_0.is_active,f1_0.last_name,f1_0.phone,f1_0.updated_at from faculty f1_0 where f1_0.id=?
Hibernate: select count(se1_0.id) from student_enrollments se1_0 left join course_offerings o1_0 on o1_0.id=se1_0.offering_id where o1_0.id=? and se1_0.status=?
Hibernate: select f1_0.id,f1_0.created_at,f1_0.department,f1_0.email,f1_0.first_name,f1_0.is_active,f1_0.last_name,f1_0.phone,f1_0.updated_at from faculty f1_0 where f1_0.id=?
Hibernate: select count(se1_0.id) from student_enrollments se1_0 left join course_offerings o1_0 on o1_0.id=se1_0.offering_id where o1_0.id=? and se1_0.status=?
Hibernate: select c1_0.id,c1_0.code,c1_0.created_at,c1_0.credits,c1_0.description,c1_0.title from courses c1_0 where c1_0.id=?
Hibernate: select count(se1_0.id) from student_enrollments se1_0 left join course_offerings o1_0 on o1_0.id=se1_0.offering_id where o1_0.id=? and se1_0.status=?
Hibernate: select c1_0.id,c1_0.code,c1_0.created_at,c1_0.credits,c1_0.description,c1_0.title from courses c1_0 where c1_0.id=?
Hibernate: select count(se1_0.id) from student_enrollments se1_0 left join course_offerings o1_0 on o1_0.id=se1_0.offering_id where o1_0.id=? and se1_0.status=?
Hibernate: select f1_0.id,f1_0.created_at,f1_0.department,f1_0.email,f1_0.first_name,f1_0.is_active,f1_0.last_name,f1_0.phone,f1_0.updated_at from faculty f1_0 where f1_0.id=?
Hibernate: select count(se1_0.id) from student_enrollments se1_0 left join course_offerings o1_0 on o1_0.id=se1_0.offering_id where o1_0.id=? and se1_0.status=?
Hibernate: select c1_0.id,c1_0.code,c1_0.created_at,c1_0.credits,c1_0.description,c1_0.title from courses c1_0 where c1_0.id=?
Hibernate: select count(se1_0.id) from student_enrollments se1_0 left join course_offerings o1_0 on o1_0.id=se1_0.offering_id where o1_0.id=? and se1_0.status=?
Hibernate: select c1_0.id,c1_0.code,c1_0.created_at,c1_0.credits,c1_0.description,c1_0.title from courses c1_0 where c1_0.id=?
Hibernate: select f1_0.id,f1_0.created_at,f1_0.department,f1_0.email,f1_0.first_name,f1_0.is_active,f1_0.last_name,f1_0.phone,f1_0.updated_at from faculty f1_0 where f1_0.id=?
Hibernate: select count(se1_0.id) from student_enrollments se1_0 left join course_offerings o1_0 on o1_0.id=se1_0.offering_id where o1_0.id=? and se1_0.status=?
Hibernate: select f1_0.id,f1_0.created_at,f1_0.department,f1_0.email,f1_0.first_name,f1_0.is_active,f1_0.last_name,f1_0.phone,f1_0.updated_at from faculty f1_0 where f1_0.id=?
Hibernate: select count(se1_0.id) from student_enrollments se1_0 left join course_offerings o1_0 on o1_0.id=se1_0.offering_id where o1_0.id=? and se1_0.status=?
Hibernate: select c1_0.id,c1_0.code,c1_0.created_at,c1_0.credits,c1_0.description,c1_0.title from courses c1_0 where c1_0.id=?
Hibernate: select count(se1_0.id) from student_enrollments se1_0 left join course_offerings o1_0 on o1_0.id=se1_0.offering_id where o1_0.id=? and se1_0.status=?
Hibernate: select c1_0.id,c1_0.code,c1_0.created_at,c1_0.credits,c1_0.description,c1_0.title from courses c1_0 where c1_0.id=?
Hibernate: select f1_0.id,f1_0.created_at,f1_0.department,f1_0.email,f1_0.first_name,f1_0.is_active,f1_0.last_name,f1_0.phone,f1_0.updated_at from faculty f1_0 where f1_0.id=?
Hibernate: select count(se1_0.id) from student_enrollments se1_0 left join course_offerings o1_0 on o1_0.id=se1_0.offering_id where o1_0.id=? and se1_0.status=?
Hibernate: select c1_0.id,c1_0.code,c1_0.created_at,c1_0.credits,c1_0.description,c1_0.title from courses c1_0 where c1_0.id=?
Hibernate: select count(se1_0.id) from student_enrollments se1_0 left join course_offerings o1_0 on o1_0.id=se1_0.offering_id where o1_0.id=? and se1_0.status=?
Hibernate: select e1_0.id,e1_0.body,e1_0.created_at,e1_0.created_by,e1_0.end_datetime,e1_0.is_public,e1_0.start_datetime,e1_0.title from events e1_0 where e1_0.is_public=1 and e1_0.start_datetime>=? order by e1_0.start_datetime
Hibernate: select e1_0.id,e1_0.body,e1_0.created_at,e1_0.created_by,e1_0.end_datetime,e1_0.is_public,e1_0.start_datetime,e1_0.title from events e1_0 where e1_0.is_public=1 and e1_0.start_datetime>=? order by e1_0.start_datetime
Hibernate: select e1_0.id,e1_0.body,e1_0.created_at,e1_0.created_by,e1_0.end_datetime,e1_0.is_public,e1_0.start_datetime,e1_0.title from events e1_0
Hibernate: select u1_0.id,u1_0.password,u1_0.role,u1_0.username from users u1_0 where u1_0.username=?
Hibernate: select n1_0.id,n1_0.body,n1_0.created_at,n1_0.delivery_channel,n1_0.event_id,n1_0.read_at,n1_0.sent_at,n1_0.title,n1_0.user_id from notifications n1_0 where n1_0.user_id=? order by n1_0.created_at desc
Hibernate: select u1_0.id,u1_0.password,u1_0.role,u1_0.username from users u1_0 where u1_0.username=?
Hibernate: select n1_0.id,n1_0.body,n1_0.created_at,n1_0.delivery_channel,n1_0.event_id,n1_0.read_at,n1_0.sent_at,n1_0.title,n1_0.user_id from notifications n1_0 where n1_0.user_id=? order by n1_0.created_at desc
Hibernate: select co1_0.id,co1_0.capacity,co1_0.course_id,co1_0.created_at,co1_0.faculty_id,co1_0.section_code,co1_0.semester from course_offerings co1_0
Hibernate: select c1_0.id,c1_0.code,c1_0.created_at,c1_0.credits,c1_0.description,c1_0.title from courses c1_0 where c1_0.id=?
Hibernate: select f1_0.id,f1_0.created_at,f1_0.department,f1_0.email,f1_0.first_name,f1_0.is_active,f1_0.last_name,f1_0.phone,f1_0.updated_at from faculty f1_0 where f1_0.id=?
Hibernate: select count(se1_0.id) from student_enrollments se1_0 left join course_offerings o1_0 on o1_0.id=se1_0.offering_id where o1_0.id=? and se1_0.status=?
Hibernate: select f1_0.id,f1_0.created_at,f1_0.department,f1_0.email,f1_0.first_name,f1_0.is_active,f1_0.last_name,f1_0.phone,f1_0.updated_at from faculty f1_0 where f1_0.id=?
Hibernate: select count(se1_0.id) from student_enrollments se1_0 left join course_offerings o1_0 on o1_0.id=se1_0.offering_id where o1_0.id=? and se1_0.status=?
Hibernate: select c1_0.id,c1_0.code,c1_0.created_at,c1_0.credits,c1_0.description,c1_0.title from courses c1_0 where c1_0.id=?
Hibernate: select count(se1_0.id) from student_enrollments se1_0 left join course_offerings o1_0 on o1_0.id=se1_0.offering_id where o1_0.id=? and se1_0.status=?
Hibernate: select c1_0.id,c1_0.code,c1_0.created_at,c1_0.credits,c1_0.description,c1_0.title from courses c1_0 where c1_0.id=?
Hibernate: select count(se1_0.id) from student_enrollments se1_0 left join course_offerings o1_0 on o1_0.id=se1_0.offering_id where o1_0.id=? and se1_0.status=?
Hibernate: select f1_0.id,f1_0.created_at,f1_0.department,f1_0.email,f1_0.first_name,f1_0.is_active,f1_0.last_name,f1_0.phone,f1_0.updated_at from faculty f1_0 where f1_0.id=?
Hibernate: select count(se1_0.id) from student_enrollments se1_0 left join course_offerings o1_0 on o1_0.id=se1_0.offering_id where o1_0.id=? and se1_0.status=?
Hibernate: select c1_0.id,c1_0.code,c1_0.created_at,c1_0.credits,c1_0.description,c1_0.title from courses c1_0 where c1_0.id=?
Hibernate: select count(se1_0.id) from student_enrollments se1_0 left join course_offerings o1_0 on o1_0.id=se1_0.offering_id where o1_0.id=? and se1_0.status=?
Hibernate: select c1_0.id,c1_0.code,c1_0.created_at,c1_0.credits,c1_0.description,c1_0.title from courses c1_0 where c1_0.id=?
Hibernate: select f1_0.id,f1_0.created_at,f1_0.department,f1_0.email,f1_0.first_name,f1_0.is_active,f1_0.last_name,f1_0.phone,f1_0.updated_at from faculty f1_0 where f1_0.id=?
Hibernate: select count(se1_0.id) from student_enrollments se1_0 left join course_offerings o1_0 on o1_0.id=se1_0.offering_id where o1_0.id=? and se1_0.status=?
Hibernate: select f1_0.id,f1_0.created_at,f1_0.department,f1_0.email,f1_0.first_name,f1_0.is_active,f1_0.last_name,f1_0.phone,f1_0.updated_at from faculty f1_0 where f1_0.id=?
Hibernate: select count(se1_0.id) from student_enrollments se1_0 left join course_offerings o1_0 on o1_0.id=se1_0.offering_id where o1_0.id=? and se1_0.status=?
Hibernate: select c1_0.id,c1_0.code,c1_0.created_at,c1_0.credits,c1_0.description,c1_0.title from courses c1_0 where c1_0.id=?
Hibernate: select count(se1_0.id) from student_enrollments se1_0 left join course_offerings o1_0 on o1_0.id=se1_0.offering_id where o1_0.id=? and se1_0.status=?
Hibernate: select c1_0.id,c1_0.code,c1_0.created_at,c1_0.credits,c1_0.description,c1_0.title from courses c1_0 where c1_0.id=?
Hibernate: select f1_0.id,f1_0.created_at,f1_0.department,f1_0.email,f1_0.first_name,f1_0.is_active,f1_0.last_name,f1_0.phone,f1_0.updated_at from faculty f1_0 where f1_0.id=?
Hibernate: select count(se1_0.id) from student_enrollments se1_0 left join course_offerings o1_0 on o1_0.id=se1_0.offering_id where o1_0.id=? and se1_0.status=?
Hibernate: select c1_0.id,c1_0.code,c1_0.created_at,c1_0.credits,c1_0.description,c1_0.title from courses c1_0 where c1_0.id=?
Hibernate: select count(se1_0.id) from student_enrollments se1_0 left join course_offerings o1_0 on o1_0.id=se1_0.offering_id where o1_0.id=? and se1_0.status=?
Hibernate: select co1_0.id,co1_0.capacity,co1_0.course_id,co1_0.created_at,co1_0.faculty_id,co1_0.section_code,co1_0.semester from course_offerings co1_0
Hibernate: select c1_0.id,c1_0.code,c1_0.created_at,c1_0.credits,c1_0.description,c1_0.title from courses c1_0 where c1_0.id=?
Hibernate: select f1_0.id,f1_0.created_at,f1_0.department,f1_0.email,f1_0.first_name,f1_0.is_active,f1_0.last_name,f1_0.phone,f1_0.updated_at from faculty f1_0 where f1_0.id=?
Hibernate: select count(se1_0.id) from student_enrollments se1_0 left join course_offerings o1_0 on o1_0.id=se1_0.offering_id where o1_0.id=? and se1_0.status=?
Hibernate: select f1_0.id,f1_0.created_at,f1_0.department,f1_0.email,f1_0.first_name,f1_0.is_active,f1_0.last_name,f1_0.phone,f1_0.updated_at from faculty f1_0 where f1_0.id=?
Hibernate: select count(se1_0.id) from student_enrollments se1_0 left join course_offerings o1_0 on o1_0.id=se1_0.offering_id where o1_0.id=? and se1_0.status=?
Hibernate: select c1_0.id,c1_0.code,c1_0.created_at,c1_0.credits,c1_0.description,c1_0.title from courses c1_0 where c1_0.id=?
Hibernate: select count(se1_0.id) from student_enrollments se1_0 left join course_offerings o1_0 on o1_0.id=se1_0.offering_id where o1_0.id=? and se1_0.status=?
Hibernate: select c1_0.id,c1_0.code,c1_0.created_at,c1_0.credits,c1_0.description,c1_0.title from courses c1_0 where c1_0.id=?
Hibernate: select count(se1_0.id) from student_enrollments se1_0 left join course_offerings o1_0 on o1_0.id=se1_0.offering_id where o1_0.id=? and se1_0.status=?
Hibernate: select f1_0.id,f1_0.created_at,f1_0.department,f1_0.email,f1_0.first_name,f1_0.is_active,f1_0.last_name,f1_0.phone,f1_0.updated_at from faculty f1_0 where f1_0.id=?
Hibernate: select count(se1_0.id) from student_enrollments se1_0 left join course_offerings o1_0 on o1_0.id=se1_0.offering_id where o1_0.id=? and se1_0.status=?
Hibernate: select c1_0.id,c1_0.code,c1_0.created_at,c1_0.credits,c1_0.description,c1_0.title from courses c1_0 where c1_0.id=?
Hibernate: select count(se1_0.id) from student_enrollments se1_0 left join course_offerings o1_0 on o1_0.id=se1_0.offering_id where o1_0.id=? and se1_0.status=?
Hibernate: select c1_0.id,c1_0.code,c1_0.created_at,c1_0.credits,c1_0.description,c1_0.title from courses c1_0 where c1_0.id=?
Hibernate: select f1_0.id,f1_0.created_at,f1_0.department,f1_0.email,f1_0.first_name,f1_0.is_active,f1_0.last_name,f1_0.phone,f1_0.updated_at from faculty f1_0 where f1_0.id=?
Hibernate: select count(se1_0.id) from student_enrollments se1_0 left join course_offerings o1_0 on o1_0.id=se1_0.offering_id where o1_0.id=? and se1_0.status=?
Hibernate: select f1_0.id,f1_0.created_at,f1_0.department,f1_0.email,f1_0.first_name,f1_0.is_active,f1_0.last_name,f1_0.phone,f1_0.updated_at from faculty f1_0 where f1_0.id=?
Hibernate: select count(se1_0.id) from student_enrollments se1_0 left join course_offerings o1_0 on o1_0.id=se1_0.offering_id where o1_0.id=? and se1_0.status=?
Hibernate: select c1_0.id,c1_0.code,c1_0.created_at,c1_0.credits,c1_0.description,c1_0.title from courses c1_0 where c1_0.id=?
Hibernate: select count(se1_0.id) from student_enrollments se1_0 left join course_offerings o1_0 on o1_0.id=se1_0.offering_id where o1_0.id=? and se1_0.status=?
Hibernate: select c1_0.id,c1_0.code,c1_0.created_at,c1_0.credits,c1_0.description,c1_0.title from courses c1_0 where c1_0.id=?
Hibernate: select f1_0.id,f1_0.created_at,f1_0.department,f1_0.email,f1_0.first_name,f1_0.is_active,f1_0.last_name,f1_0.phone,f1_0.updated_at from faculty f1_0 where f1_0.id=?
Hibernate: select count(se1_0.id) from student_enrollments se1_0 left join course_offerings o1_0 on o1_0.id=se1_0.offering_id where o1_0.id=? and se1_0.status=?
Hibernate: select c1_0.id,c1_0.code,c1_0.created_at,c1_0.credits,c1_0.description,c1_0.title from courses c1_0 where c1_0.id=?
Hibernate: select count(se1_0.id) from student_enrollments se1_0 left join course_offerings o1_0 on o1_0.id=se1_0.offering_id where o1_0.id=? and se1_0.status=?
Hibernate: select co1_0.id,co1_0.capacity,co1_0.course_id,co1_0.created_at,co1_0.faculty_id,co1_0.section_code,co1_0.semester from course_offerings co1_0
Hibernate: select c1_0.id,c1_0.code,c1_0.created_at,c1_0.credits,c1_0.description,c1_0.title from courses c1_0 where c1_0.id=?
Hibernate: select f1_0.id,f1_0.created_at,f1_0.department,f1_0.email,f1_0.first_name,f1_0.is_active,f1_0.last_name,f1_0.phone,f1_0.updated_at from faculty f1_0 where f1_0.id=?
Hibernate: select count(se1_0.id) from student_enrollments se1_0 left join course_offerings o1_0 on o1_0.id=se1_0.offering_id where o1_0.id=? and se1_0.status=?
Hibernate: select f1_0.id,f1_0.created_at,f1_0.department,f1_0.email,f1_0.first_name,f1_0.is_active,f1_0.last_name,f1_0.phone,f1_0.updated_at from faculty f1_0 where f1_0.id=?
Hibernate: select count(se1_0.id) from student_enrollments se1_0 left join course_offerings o1_0 on o1_0.id=se1_0.offering_id where o1_0.id=? and se1_0.status=?
Hibernate: select c1_0.id,c1_0.code,c1_0.created_at,c1_0.credits,c1_0.description,c1_0.title from courses c1_0 where c1_0.id=?
Hibernate: select count(se1_0.id) from student_enrollments se1_0 left join course_offerings o1_0 on o1_0.id=se1_0.offering_id where o1_0.id=? and se1_0.status=?
Hibernate: select c1_0.id,c1_0.code,c1_0.created_at,c1_0.credits,c1_0.description,c1_0.title from courses c1_0 where c1_0.id=?
Hibernate: select count(se1_0.id) from student_enrollments se1_0 left join course_offerings o1_0 on o1_0.id=se1_0.offering_id where o1_0.id=? and se1_0.status=?
Hibernate: select f1_0.id,f1_0.created_at,f1_0.department,f1_0.email,f1_0.first_name,f1_0.is_active,f1_0.last_name,f1_0.phone,f1_0.updated_at from faculty f1_0 where f1_0.id=?
Hibernate: select count(se1_0.id) from student_enrollments se1_0 left join course_offerings o1_0 on o1_0.id=se1_0.offering_id where o1_0.id=? and se1_0.status=?
Hibernate: select c1_0.id,c1_0.code,c1_0.created_at,c1_0.credits,c1_0.description,c1_0.title from courses c1_0 where c1_0.id=?
Hibernate: select count(se1_0.id) from student_enrollments se1_0 left join course_offerings o1_0 on o1_0.id=se1_0.offering_id where o1_0.id=? and se1_0.status=?
Hibernate: select c1_0.id,c1_0.code,c1_0.created_at,c1_0.credits,c1_0.description,c1_0.title from courses c1_0 where c1_0.id=?
Hibernate: select f1_0.id,f1_0.created_at,f1_0.department,f1_0.email,f1_0.first_name,f1_0.is_active,f1_0.last_name,f1_0.phone,f1_0.updated_at from faculty f1_0 where f1_0.id=?
Hibernate: select count(se1_0.id) from student_enrollments se1_0 left join course_offerings o1_0 on o1_0.id=se1_0.offering_id where o1_0.id=? and se1_0.status=?
Hibernate: select f1_0.id,f1_0.created_at,f1_0.department,f1_0.email,f1_0.first_name,f1_0.is_active,f1_0.last_name,f1_0.phone,f1_0.updated_at from faculty f1_0 where f1_0.id=?
Hibernate: select count(se1_0.id) from student_enrollments se1_0 left join course_offerings o1_0 on o1_0.id=se1_0.offering_id where o1_0.id=? and se1_0.status=?
Hibernate: select c1_0.id,c1_0.code,c1_0.created_at,c1_0.credits,c1_0.description,c1_0.title from courses c1_0 where c1_0.id=?
Hibernate: select count(se1_0.id) from student_enrollments se1_0 left join course_offerings o1_0 on o1_0.id=se1_0.offering_id where o1_0.id=? and se1_0.status=?
Hibernate: select c1_0.id,c1_0.code,c1_0.created_at,c1_0.credits,c1_0.description,c1_0.title from courses c1_0 where c1_0.id=?
Hibernate: select f1_0.id,f1_0.created_at,f1_0.department,f1_0.email,f1_0.first_name,f1_0.is_active,f1_0.last_name,f1_0.phone,f1_0.updated_at from faculty f1_0 where f1_0.id=?
Hibernate: select count(se1_0.id) from student_enrollments se1_0 left join course_offerings o1_0 on o1_0.id=se1_0.offering_id where o1_0.id=? and se1_0.status=?
Hibernate: select c1_0.id,c1_0.code,c1_0.created_at,c1_0.credits,c1_0.description,c1_0.title from courses c1_0 where c1_0.id=?
Hibernate: select count(se1_0.id) from student_enrollments se1_0 left join course_offerings o1_0 on o1_0.id=se1_0.offering_id where o1_0.id=? and se1_0.status=?
Hibernate: select co1_0.id,co1_0.capacity,co1_0.course_id,co1_0.created_at,co1_0.faculty_id,co1_0.section_code,co1_0.semester from course_offerings co1_0 where co1_0.id=?
Hibernate: select c1_0.id,c1_0.code,c1_0.created_at,c1_0.credits,c1_0.description,c1_0.title from courses c1_0 where c1_0.id=?
Hibernate: select f1_0.id,f1_0.created_at,f1_0.department,f1_0.email,f1_0.first_name,f1_0.is_active,f1_0.last_name,f1_0.phone,f1_0.updated_at from faculty f1_0 where f1_0.id=?
Hibernate: select count(se1_0.id) from student_enrollments se1_0 left join course_offerings o1_0 on o1_0.id=se1_0.offering_id where o1_0.id=? and se1_0.status=?
Hibernate: select c1_0.id,c1_0.code,c1_0.created_at,c1_0.credits,c1_0.description,c1_0.title from courses c1_0
Hibernate: select f1_0.id,f1_0.created_at,f1_0.department,f1_0.email,f1_0.first_name,f1_0.is_active,f1_0.last_name,f1_0.phone,f1_0.updated_at from faculty f1_0
Hibernate: select c1_0.id,c1_0.code,c1_0.created_at,c1_0.credits,c1_0.description,c1_0.title from courses c1_0 where c1_0.id=?
Hibernate: select f1_0.id,f1_0.created_at,f1_0.department,f1_0.email,f1_0.first_name,f1_0.is_active,f1_0.last_name,f1_0.phone,f1_0.updated_at from faculty f1_0 where f1_0.id=?
Hibernate: select co1_0.id,co1_0.capacity,co1_0.course_id,co1_0.created_at,co1_0.faculty_id,co1_0.section_code,co1_0.semester from course_offerings co1_0 where co1_0.course_id=? and co1_0.semester=? and co1_0.section_code=?
Hibernate: insert into course_offerings (capacity,course_id,created_at,faculty_id,section_code,semester) values (?,?,?,?,?,?)
Hibernate: select count(se1_0.id) from student_enrollments se1_0 left join course_offerings o1_0 on o1_0.id=se1_0.offering_id where o1_0.id=? and se1_0.status=?
Hibernate: select co1_0.id,co1_0.capacity,co1_0.course_id,co1_0.created_at,co1_0.faculty_id,co1_0.section_code,co1_0.semester from course_offerings co1_0
Hibernate: select c1_0.id,c1_0.code,c1_0.created_at,c1_0.credits,c1_0.description,c1_0.title from courses c1_0 where c1_0.id=?
Hibernate: select f1_0.id,f1_0.created_at,f1_0.department,f1_0.email,f1_0.first_name,f1_0.is_active,f1_0.last_name,f1_0.phone,f1_0.updated_at from faculty f1_0 where f1_0.id=?
Hibernate: select count(se1_0.id) from student_enrollments se1_0 left join course_offerings o1_0 on o1_0.id=se1_0.offering_id where o1_0.id=? and se1_0.status=?
Hibernate: select f1_0.id,f1_0.created_at,f1_0.department,f1_0.email,f1_0.first_name,f1_0.is_active,f1_0.last_name,f1_0.phone,f1_0.updated_at from faculty f1_0 where f1_0.id=?
Hibernate: select count(se1_0.id) from student_enrollments se1_0 left join course_offerings o1_0 on o1_0.id=se1_0.offering_id where o1_0.id=? and se1_0.status=?
Hibernate: select c1_0.id,c1_0.code,c1_0.created_at,c1_0.credits,c1_0.description,c1_0.title from courses c1_0 where c1_0.id=?
Hibernate: select count(se1_0.id) from student_enrollments se1_0 left join course_offerings o1_0 on o1_0.id=se1_0.offering_id where o1_0.id=? and se1_0.status=?
Hibernate: select c1_0.id,c1_0.code,c1_0.created_at,c1_0.credits,c1_0.description,c1_0.title from courses c1_0 where c1_0.id=?
Hibernate: select count(se1_0.id) from student_enrollments se1_0 left join course_offerings o1_0 on o1_0.id=se1_0.offering_id where o1_0.id=? and se1_0.status=?
Hibernate: select f1_0.id,f1_0.created_at,f1_0.department,f1_0.email,f1_0.first_name,f1_0.is_active,f1_0.last_name,f1_0.phone,f1_0.updated_at from faculty f1_0 where f1_0.id=?
Hibernate: select count(se1_0.id) from student_enrollments se1_0 left join course_offerings o1_0 on o1_0.id=se1_0.offering_id where o1_0.id=? and se1_0.status=?
Hibernate: select c1_0.id,c1_0.code,c1_0.created_at,c1_0.credits,c1_0.description,c1_0.title from courses c1_0 where c1_0.id=?
Hibernate: select count(se1_0.id) from student_enrollments se1_0 left join course_offerings o1_0 on o1_0.id=se1_0.offering_id where o1_0.id=? and se1_0.status=?
Hibernate: select c1_0.id,c1_0.code,c1_0.created_at,c1_0.credits,c1_0.description,c1_0.title from courses c1_0 where c1_0.id=?
Hibernate: select f1_0.id,f1_0.created_at,f1_0.department,f1_0.email,f1_0.first_name,f1_0.is_active,f1_0.last_name,f1_0.phone,f1_0.updated_at from faculty f1_0 where f1_0.id=?
Hibernate: select count(se1_0.id) from student_enrollments se1_0 left join course_offerings o1_0 on o1_0.id=se1_0.offering_id where o1_0.id=? and se1_0.status=?
Hibernate: select f1_0.id,f1_0.created_at,f1_0.department,f1_0.email,f1_0.first_name,f1_0.is_active,f1_0.last_name,f1_0.phone,f1_0.updated_at from faculty f1_0 where f1_0.id=?
Hibernate: select count(se1_0.id) from student_enrollments se1_0 left join course_offerings o1_0 on o1_0.id=se1_0.offering_id where o1_0.id=? and se1_0.status=?
Hibernate: select c1_0.id,c1_0.code,c1_0.created_at,c1_0.credits,c1_0.description,c1_0.title from courses c1_0 where c1_0.id=?
Hibernate: select count(se1_0.id) from student_enrollments se1_0 left join course_offerings o1_0 on o1_0.id=se1_0.offering_id where o1_0.id=? and se1_0.status=?
Hibernate: select c1_0.id,c1_0.code,c1_0.created_at,c1_0.credits,c1_0.description,c1_0.title from courses c1_0 where c1_0.id=?
Hibernate: select f1_0.id,f1_0.created_at,f1_0.department,f1_0.email,f1_0.first_name,f1_0.is_active,f1_0.last_name,f1_0.phone,f1_0.updated_at from faculty f1_0 where f1_0.id=?
Hibernate: select count(se1_0.id) from student_enrollments se1_0 left join course_offerings o1_0 on o1_0.id=se1_0.offering_id where o1_0.id=? and se1_0.status=?
Hibernate: select c1_0.id,c1_0.code,c1_0.created_at,c1_0.credits,c1_0.description,c1_0.title from courses c1_0 where c1_0.id=?
Hibernate: select count(se1_0.id) from student_enrollments se1_0 left join course_offerings o1_0 on o1_0.id=se1_0.offering_id where o1_0.id=? and se1_0.status=?
Hibernate: select count(se1_0.id) from student_enrollments se1_0 left join course_offerings o1_0 on o1_0.id=se1_0.offering_id where o1_0.id=? and se1_0.status=?
Hibernate: select co1_0.id,co1_0.capacity,co1_0.course_id,co1_0.created_at,co1_0.faculty_id,co1_0.section_code,co1_0.semester from course_offerings co1_0 where co1_0.id=?
Hibernate: select c1_0.id,c1_0.code,c1_0.created_at,c1_0.credits,c1_0.description,c1_0.title from courses c1_0 where c1_0.id=?
Hibernate: select f1_0.id,f1_0.created_at,f1_0.department,f1_0.email,f1_0.first_name,f1_0.is_active,f1_0.last_name,f1_0.phone,f1_0.updated_at from faculty f1_0 where f1_0.id=?
Hibernate: select count(se1_0.id) from student_enrollments se1_0 left join course_offerings o1_0 on o1_0.id=se1_0.offering_id where o1_0.id=? and se1_0.status=?
Hibernate: select c1_0.id,c1_0.code,c1_0.created_at,c1_0.credits,c1_0.description,c1_0.title from courses c1_0
Hibernate: select f1_0.id,f1_0.created_at,f1_0.department,f1_0.email,f1_0.first_name,f1_0.is_active,f1_0.last_name,f1_0.phone,f1_0.updated_at from faculty f1_0
Hibernate: select e1_0.id,e1_0.body,e1_0.created_at,e1_0.created_by,e1_0.end_datetime,e1_0.is_public,e1_0.start_datetime,e1_0.title from events e1_0
Hibernate: select e1_0.id,e1_0.body,e1_0.created_at,e1_0.created_by,e1_0.end_datetime,e1_0.is_public,e1_0.start_datetime,e1_0.title from events e1_0
Hibernate: select co1_0.id,co1_0.capacity,co1_0.course_id,co1_0.created_at,co1_0.faculty_id,co1_0.section_code,co1_0.semester from course_offerings co1_0
Hibernate: select c1_0.id,c1_0.code,c1_0.created_at,c1_0.credits,c1_0.description,c1_0.title from courses c1_0 where c1_0.id=?
Hibernate: select f1_0.id,f1_0.created_at,f1_0.department,f1_0.email,f1_0.first_name,f1_0.is_active,f1_0.last_name,f1_0.phone,f1_0.updated_at from faculty f1_0 where f1_0.id=?
Hibernate: select count(se1_0.id) from student_enrollments se1_0 left join course_offerings o1_0 on o1_0.id=se1_0.offering_id where o1_0.id=? and se1_0.status=?
Hibernate: select f1_0.id,f1_0.created_at,f1_0.department,f1_0.email,f1_0.first_name,f1_0.is_active,f1_0.last_name,f1_0.phone,f1_0.updated_at from faculty f1_0 where f1_0.id=?
Hibernate: select count(se1_0.id) from student_enrollments se1_0 left join course_offerings o1_0 on o1_0.id=se1_0.offering_id where o1_0.id=? and se1_0.status=?
Hibernate: select c1_0.id,c1_0.code,c1_0.created_at,c1_0.credits,c1_0.description,c1_0.title from courses c1_0 where c1_0.id=?
Hibernate: select count(se1_0.id) from student_enrollments se1_0 left join course_offerings o1_0 on o1_0.id=se1_0.offering_id where o1_0.id=? and se1_0.status=?
Hibernate: select c1_0.id,c1_0.code,c1_0.created_at,c1_0.credits,c1_0.description,c1_0.title from courses c1_0 where c1_0.id=?
Hibernate: select co1_0.id,co1_0.capacity,co1_0.course_id,co1_0.created_at,co1_0.faculty_id,co1_0.section_code,co1_0.semester from course_offerings co1_0
Hibernate: select count(se1_0.id) from student_enrollments se1_0 left join course_offerings o1_0 on o1_0.id=se1_0.offering_id where o1_0.id=? and se1_0.status=?
Hibernate: select f1_0.id,f1_0.created_at,f1_0.department,f1_0.email,f1_0.first_name,f1_0.is_active,f1_0.last_name,f1_0.phone,f1_0.updated_at from faculty f1_0 where f1_0.id=?
Hibernate: select c1_0.id,c1_0.code,c1_0.created_at,c1_0.credits,c1_0.description,c1_0.title from courses c1_0 where c1_0.id=?
Hibernate: select f1_0.id,f1_0.created_at,f1_0.department,f1_0.email,f1_0.first_name,f1_0.is_active,f1_0.last_name,f1_0.phone,f1_0.updated_at from faculty f1_0 where f1_0.id=?
Hibernate: select count(se1_0.id) from student_enrollments se1_0 left join course_offerings o1_0 on o1_0.id=se1_0.offering_id where o1_0.id=? and se1_0.status=?
Hibernate: select count(se1_0.id) from student_enrollments se1_0 left join course_offerings o1_0 on o1_0.id=se1_0.offering_id where o1_0.id=? and se1_0.status=?
Hibernate: select c1_0.id,c1_0.code,c1_0.created_at,c1_0.credits,c1_0.description,c1_0.title from courses c1_0 where c1_0.id=?
Hibernate: select f1_0.id,f1_0.created_at,f1_0.department,f1_0.email,f1_0.first_name,f1_0.is_active,f1_0.last_name,f1_0.phone,f1_0.updated_at from faculty f1_0 where f1_0.id=?
Hibernate: select count(se1_0.id) from student_enrollments se1_0 left join course_offerings o1_0 on o1_0.id=se1_0.offering_id where o1_0.id=? and se1_0.status=?
Hibernate: select count(se1_0.id) from student_enrollments se1_0 left join course_offerings o1_0 on o1_0.id=se1_0.offering_id where o1_0.id=? and se1_0.status=?
Hibernate: select c1_0.id,c1_0.code,c1_0.created_at,c1_0.credits,c1_0.description,c1_0.title from courses c1_0 where c1_0.id=?
Hibernate: select c1_0.id,c1_0.code,c1_0.created_at,c1_0.credits,c1_0.description,c1_0.title from courses c1_0 where c1_0.id=?
Hibernate: select count(se1_0.id) from student_enrollments se1_0 left join course_offerings o1_0 on o1_0.id=se1_0.offering_id where o1_0.id=? and se1_0.status=?
Hibernate: select f1_0.id,f1_0.created_at,f1_0.department,f1_0.email,f1_0.first_name,f1_0.is_active,f1_0.last_name,f1_0.phone,f1_0.updated_at from faculty f1_0 where f1_0.id=?
Hibernate: select c1_0.id,c1_0.code,c1_0.created_at,c1_0.credits,c1_0.description,c1_0.title from courses c1_0 where c1_0.id=?
Hibernate: select count(se1_0.id) from student_enrollments se1_0 left join course_offerings o1_0 on o1_0.id=se1_0.offering_id where o1_0.id=? and se1_0.status=?
Hibernate: select count(se1_0.id) from student_enrollments se1_0 left join course_offerings o1_0 on o1_0.id=se1_0.offering_id where o1_0.id=? and se1_0.status=?
Hibernate: select f1_0.id,f1_0.created_at,f1_0.department,f1_0.email,f1_0.first_name,f1_0.is_active,f1_0.last_name,f1_0.phone,f1_0.updated_at from faculty f1_0 where f1_0.id=?
Hibernate: select f1_0.id,f1_0.created_at,f1_0.department,f1_0.email,f1_0.first_name,f1_0.is_active,f1_0.last_name,f1_0.phone,f1_0.updated_at from faculty f1_0 where f1_0.id=?
Hibernate: select count(se1_0.id) from student_enrollments se1_0 left join course_offerings o1_0 on o1_0.id=se1_0.offering_id where o1_0.id=? and se1_0.status=?
Hibernate: select count(se1_0.id) from student_enrollments se1_0 left join course_offerings o1_0 on o1_0.id=se1_0.offering_id where o1_0.id=? and se1_0.status=?
Hibernate: select c1_0.id,c1_0.code,c1_0.created_at,c1_0.credits,c1_0.description,c1_0.title from courses c1_0 where c1_0.id=?
Hibernate: select c1_0.id,c1_0.code,c1_0.created_at,c1_0.credits,c1_0.description,c1_0.title from courses c1_0 where c1_0.id=?
Hibernate: select count(se1_0.id) from student_enrollments se1_0 left join course_offerings o1_0 on o1_0.id=se1_0.offering_id where o1_0.id=? and se1_0.status=?
Hibernate: select count(se1_0.id) from student_enrollments se1_0 left join course_offerings o1_0 on o1_0.id=se1_0.offering_id where o1_0.id=? and se1_0.status=?
Hibernate: select c1_0.id,c1_0.code,c1_0.created_at,c1_0.credits,c1_0.description,c1_0.title from courses c1_0 where c1_0.id=?
Hibernate: select c1_0.id,c1_0.code,c1_0.created_at,c1_0.credits,c1_0.description,c1_0.title from courses c1_0 where c1_0.id=?
Hibernate: select f1_0.id,f1_0.created_at,f1_0.department,f1_0.email,f1_0.first_name,f1_0.is_active,f1_0.last_name,f1_0.phone,f1_0.updated_at from faculty f1_0 where f1_0.id=?
Hibernate: select f1_0.id,f1_0.created_at,f1_0.department,f1_0.email,f1_0.first_name,f1_0.is_active,f1_0.last_name,f1_0.phone,f1_0.updated_at from faculty f1_0 where f1_0.id=?
Hibernate: select count(se1_0.id) from student_enrollments se1_0 left join course_offerings o1_0 on o1_0.id=se1_0.offering_id where o1_0.id=? and se1_0.status=?
Hibernate: select count(se1_0.id) from student_enrollments se1_0 left join course_offerings o1_0 on o1_0.id=se1_0.offering_id where o1_0.id=? and se1_0.status=?
Hibernate: select c1_0.id,c1_0.code,c1_0.created_at,c1_0.credits,c1_0.description,c1_0.title from courses c1_0 where c1_0.id=?
Hibernate: select f1_0.id,f1_0.created_at,f1_0.department,f1_0.email,f1_0.first_name,f1_0.is_active,f1_0.last_name,f1_0.phone,f1_0.updated_at from faculty f1_0 where f1_0.id=?
Hibernate: select count(se1_0.id) from student_enrollments se1_0 left join course_offerings o1_0 on o1_0.id=se1_0.offering_id where o1_0.id=? and se1_0.status=?
Hibernate: select count(se1_0.id) from student_enrollments se1_0 left join course_offerings o1_0 on o1_0.id=se1_0.offering_id where o1_0.id=? and se1_0.status=?
Hibernate: select count(se1_0.id) from student_enrollments se1_0 left join course_offerings o1_0 on o1_0.id=se1_0.offering_id where o1_0.id=? and se1_0.status=?
Hibernate: select c1_0.id,c1_0.code,c1_0.created_at,c1_0.credits,c1_0.description,c1_0.title from courses c1_0 where c1_0.id=?
Hibernate: select count(se1_0.id) from student_enrollments se1_0 left join course_offerings o1_0 on o1_0.id=se1_0.offering_id where o1_0.id=? and se1_0.status=?
Hibernate: select c1_0.id,c1_0.code,c1_0.created_at,c1_0.credits,c1_0.description,c1_0.title from courses c1_0 where c1_0.id=?
Hibernate: select f1_0.id,f1_0.created_at,f1_0.department,f1_0.email,f1_0.first_name,f1_0.is_active,f1_0.last_name,f1_0.phone,f1_0.updated_at from faculty f1_0 where f1_0.id=?
Hibernate: select count(se1_0.id) from student_enrollments se1_0 left join course_offerings o1_0 on o1_0.id=se1_0.offering_id where o1_0.id=? and se1_0.status=?
Hibernate: select c1_0.id,c1_0.code,c1_0.created_at,c1_0.credits,c1_0.description,c1_0.title from courses c1_0 where c1_0.id=?
Hibernate: select count(se1_0.id) from student_enrollments se1_0 left join course_offerings o1_0 on o1_0.id=se1_0.offering_id where o1_0.id=? and se1_0.status=?
Hibernate: select count(se1_0.id) from student_enrollments se1_0 left join course_offerings o1_0 on o1_0.id=se1_0.offering_id where o1_0.id=? and se1_0.status=?
Hibernate: select co1_0.id,co1_0.capacity,co1_0.course_id,co1_0.created_at,co1_0.faculty_id,co1_0.section_code,co1_0.semester from course_offerings co1_0
Hibernate: select c1_0.id,c1_0.code,c1_0.created_at,c1_0.credits,c1_0.description,c1_0.title from courses c1_0 where c1_0.id=?
Hibernate: select f1_0.id,f1_0.created_at,f1_0.department,f1_0.email,f1_0.first_name,f1_0.is_active,f1_0.last_name,f1_0.phone,f1_0.updated_at from faculty f1_0 where f1_0.id=?
Hibernate: select count(se1_0.id) from student_enrollments se1_0 left join course_offerings o1_0 on o1_0.id=se1_0.offering_id where o1_0.id=? and se1_0.status=?
Hibernate: select f1_0.id,f1_0.created_at,f1_0.department,f1_0.email,f1_0.first_name,f1_0.is_active,f1_0.last_name,f1_0.phone,f1_0.updated_at from faculty f1_0 where f1_0.id=?
Hibernate: select count(se1_0.id) from student_enrollments se1_0 left join course_offerings o1_0 on o1_0.id=se1_0.offering_id where o1_0.id=? and se1_0.status=?
Hibernate: select c1_0.id,c1_0.code,c1_0.created_at,c1_0.credits,c1_0.description,c1_0.title from courses c1_0 where c1_0.id=?
Hibernate: select count(se1_0.id) from student_enrollments se1_0 left join course_offerings o1_0 on o1_0.id=se1_0.offering_id where o1_0.id=? and se1_0.status=?
Hibernate: select c1_0.id,c1_0.code,c1_0.created_at,c1_0.credits,c1_0.description,c1_0.title from courses c1_0 where c1_0.id=?
Hibernate: select count(se1_0.id) from student_enrollments se1_0 left join course_offerings o1_0 on o1_0.id=se1_0.offering_id where o1_0.id=? and se1_0.status=?
Hibernate: select f1_0.id,f1_0.created_at,f1_0.department,f1_0.email,f1_0.first_name,f1_0.is_active,f1_0.last_name,f1_0.phone,f1_0.updated_at from faculty f1_0 where f1_0.id=?
Hibernate: select count(se1_0.id) from student_enrollments se1_0 left join course_offerings o1_0 on o1_0.id=se1_0.offering_id where o1_0.id=? and se1_0.status=?
Hibernate: select c1_0.id,c1_0.code,c1_0.created_at,c1_0.credits,c1_0.description,c1_0.title from courses c1_0 where c1_0.id=?
Hibernate: select count(se1_0.id) from student_enrollments se1_0 left join course_offerings o1_0 on o1_0.id=se1_0.offering_id where o1_0.id=? and se1_0.status=?
Hibernate: select c1_0.id,c1_0.code,c1_0.created_at,c1_0.credits,c1_0.description,c1_0.title from courses c1_0 where c1_0.id=?
Hibernate: select f1_0.id,f1_0.created_at,f1_0.department,f1_0.email,f1_0.first_name,f1_0.is_active,f1_0.last_name,f1_0.phone,f1_0.updated_at from faculty f1_0 where f1_0.id=?
Hibernate: select count(se1_0.id) from student_enrollments se1_0 left join course_offerings o1_0 on o1_0.id=se1_0.offering_id where o1_0.id=? and se1_0.status=?
Hibernate: select f1_0.id,f1_0.created_at,f1_0.department,f1_0.email,f1_0.first_name,f1_0.is_active,f1_0.last_name,f1_0.phone,f1_0.updated_at from faculty f1_0 where f1_0.id=?
Hibernate: select count(se1_0.id) from student_enrollments se1_0 left join course_offerings o1_0 on o1_0.id=se1_0.offering_id where o1_0.id=? and se1_0.status=?
Hibernate: select c1_0.id,c1_0.code,c1_0.created_at,c1_0.credits,c1_0.description,c1_0.title from courses c1_0 where c1_0.id=?
Hibernate: select count(se1_0.id) from student_enrollments se1_0 left join course_offerings o1_0 on o1_0.id=se1_0.offering_id where o1_0.id=? and se1_0.status=?
Hibernate: select c1_0.id,c1_0.code,c1_0.created_at,c1_0.credits,c1_0.description,c1_0.title from courses c1_0 where c1_0.id=?
Hibernate: select f1_0.id,f1_0.created_at,f1_0.department,f1_0.email,f1_0.first_name,f1_0.is_active,f1_0.last_name,f1_0.phone,f1_0.updated_at from faculty f1_0 where f1_0.id=?
Hibernate: select count(se1_0.id) from student_enrollments se1_0 left join course_offerings o1_0 on o1_0.id=se1_0.offering_id where o1_0.id=? and se1_0.status=?
Hibernate: select c1_0.id,c1_0.code,c1_0.created_at,c1_0.credits,c1_0.description,c1_0.title from courses c1_0 where c1_0.id=?
Hibernate: select count(se1_0.id) from student_enrollments se1_0 left join course_offerings o1_0 on o1_0.id=se1_0.offering_id where o1_0.id=? and se1_0.status=?
Hibernate: select count(se1_0.id) from student_enrollments se1_0 left join course_offerings o1_0 on o1_0.id=se1_0.offering_id where o1_0.id=? and se1_0.status=?
Hibernate: select co1_0.id,co1_0.capacity,co1_0.course_id,co1_0.created_at,co1_0.faculty_id,co1_0.section_code,co1_0.semester from course_offerings co1_0
Hibernate: select c1_0.id,c1_0.code,c1_0.created_at,c1_0.credits,c1_0.description,c1_0.title from courses c1_0 where c1_0.id=?
Hibernate: select f1_0.id,f1_0.created_at,f1_0.department,f1_0.email,f1_0.first_name,f1_0.is_active,f1_0.last_name,f1_0.phone,f1_0.updated_at from faculty f1_0 where f1_0.id=?
Hibernate: select count(se1_0.id) from student_enrollments se1_0 left join course_offerings o1_0 on o1_0.id=se1_0.offering_id where o1_0.id=? and se1_0.status=?
Hibernate: select f1_0.id,f1_0.created_at,f1_0.department,f1_0.email,f1_0.first_name,f1_0.is_active,f1_0.last_name,f1_0.phone,f1_0.updated_at from faculty f1_0 where f1_0.id=?
Hibernate: select count(se1_0.id) from student_enrollments se1_0 left join course_offerings o1_0 on o1_0.id=se1_0.offering_id where o1_0.id=? and se1_0.status=?
Hibernate: select c1_0.id,c1_0.code,c1_0.created_at,c1_0.credits,c1_0.description,c1_0.title from courses c1_0 where c1_0.id=?
Hibernate: select count(se1_0.id) from student_enrollments se1_0 left join course_offerings o1_0 on o1_0.id=se1_0.offering_id where o1_0.id=? and se1_0.status=?
Hibernate: select c1_0.id,c1_0.code,c1_0.created_at,c1_0.credits,c1_0.description,c1_0.title from courses c1_0 where c1_0.id=?
Hibernate: select count(se1_0.id) from student_enrollments se1_0 left join course_offerings o1_0 on o1_0.id=se1_0.offering_id where o1_0.id=? and se1_0.status=?
Hibernate: select f1_0.id,f1_0.created_at,f1_0.department,f1_0.email,f1_0.first_name,f1_0.is_active,f1_0.last_name,f1_0.phone,f1_0.updated_at from faculty f1_0 where f1_0.id=?
Hibernate: select count(se1_0.id) from student_enrollments se1_0 left join course_offerings o1_0 on o1_0.id=se1_0.offering_id where o1_0.id=? and se1_0.status=?
Hibernate: select c1_0.id,c1_0.code,c1_0.created_at,c1_0.credits,c1_0.description,c1_0.title from courses c1_0 where c1_0.id=?
Hibernate: select count(se1_0.id) from student_enrollments se1_0 left join course_offerings o1_0 on o1_0.id=se1_0.offering_id where o1_0.id=? and se1_0.status=?
Hibernate: select c1_0.id,c1_0.code,c1_0.created_at,c1_0.credits,c1_0.description,c1_0.title from courses c1_0 where c1_0.id=?
Hibernate: select f1_0.id,f1_0.created_at,f1_0.department,f1_0.email,f1_0.first_name,f1_0.is_active,f1_0.last_name,f1_0.phone,f1_0.updated_at from faculty f1_0 where f1_0.id=?
Hibernate: select count(se1_0.id) from student_enrollments se1_0 left join course_offerings o1_0 on o1_0.id=se1_0.offering_id where o1_0.id=? and se1_0.status=?
Hibernate: select f1_0.id,f1_0.created_at,f1_0.department,f1_0.email,f1_0.first_name,f1_0.is_active,f1_0.last_name,f1_0.phone,f1_0.updated_at from faculty f1_0 where f1_0.id=?
Hibernate: select count(se1_0.id) from student_enrollments se1_0 left join course_offerings o1_0 on o1_0.id=se1_0.offering_id where o1_0.id=? and se1_0.status=?
Hibernate: select c1_0.id,c1_0.code,c1_0.created_at,c1_0.credits,c1_0.description,c1_0.title from courses c1_0 where c1_0.id=?
Hibernate: select count(se1_0.id) from student_enrollments se1_0 left join course_offerings o1_0 on o1_0.id=se1_0.offering_id where o1_0.id=? and se1_0.status=?
Hibernate: select c1_0.id,c1_0.code,c1_0.created_at,c1_0.credits,c1_0.description,c1_0.title from courses c1_0 where c1_0.id=?
Hibernate: select f1_0.id,f1_0.created_at,f1_0.department,f1_0.email,f1_0.first_name,f1_0.is_active,f1_0.last_name,f1_0.phone,f1_0.updated_at from faculty f1_0 where f1_0.id=?
Hibernate: select count(se1_0.id) from student_enrollments se1_0 left join course_offerings o1_0 on o1_0.id=se1_0.offering_id where o1_0.id=? and se1_0.status=?
Hibernate: select c1_0.id,c1_0.code,c1_0.created_at,c1_0.credits,c1_0.description,c1_0.title from courses c1_0 where c1_0.id=?
Hibernate: select count(se1_0.id) from student_enrollments se1_0 left join course_offerings o1_0 on o1_0.id=se1_0.offering_id where o1_0.id=? and se1_0.status=?
Hibernate: select count(se1_0.id) from student_enrollments se1_0 left join course_offerings o1_0 on o1_0.id=se1_0.offering_id where o1_0.id=? and se1_0.status=?
Hibernate: select co1_0.id,co1_0.capacity,co1_0.course_id,co1_0.created_at,co1_0.faculty_id,co1_0.section_code,co1_0.semester from course_offerings co1_0
Hibernate: select c1_0.id,c1_0.code,c1_0.created_at,c1_0.credits,c1_0.description,c1_0.title from courses c1_0 where c1_0.id=?
Hibernate: select f1_0.id,f1_0.created_at,f1_0.department,f1_0.email,f1_0.first_name,f1_0.is_active,f1_0.last_name,f1_0.phone,f1_0.updated_at from faculty f1_0 where f1_0.id=?
Hibernate: select count(se1_0.id) from student_enrollments se1_0 left join course_offerings o1_0 on o1_0.id=se1_0.offering_id where o1_0.id=? and se1_0.status=?
Hibernate: select f1_0.id,f1_0.created_at,f1_0.department,f1_0.email,f1_0.first_name,f1_0.is_active,f1_0.last_name,f1_0.phone,f1_0.updated_at from faculty f1_0 where f1_0.id=?
Hibernate: select count(se1_0.id) from student_enrollments se1_0 left join course_offerings o1_0 on o1_0.id=se1_0.offering_id where o1_0.id=? and se1_0.status=?
Hibernate: select c1_0.id,c1_0.code,c1_0.created_at,c1_0.credits,c1_0.description,c1_0.title from courses c1_0 where c1_0.id=?
Hibernate: select count(se1_0.id) from student_enrollments se1_0 left join course_offerings o1_0 on o1_0.id=se1_0.offering_id where o1_0.id=? and se1_0.status=?
Hibernate: select c1_0.id,c1_0.code,c1_0.created_at,c1_0.credits,c1_0.description,c1_0.title from courses c1_0 where c1_0.id=?
Hibernate: select count(se1_0.id) from student_enrollments se1_0 left join course_offerings o1_0 on o1_0.id=se1_0.offering_id where o1_0.id=? and se1_0.status=?
Hibernate: select f1_0.id,f1_0.created_at,f1_0.department,f1_0.email,f1_0.first_name,f1_0.is_active,f1_0.last_name,f1_0.phone,f1_0.updated_at from faculty f1_0 where f1_0.id=?
Hibernate: select count(se1_0.id) from student_enrollments se1_0 left join course_offerings o1_0 on o1_0.id=se1_0.offering_id where o1_0.id=? and se1_0.status=?
Hibernate: select c1_0.id,c1_0.code,c1_0.created_at,c1_0.credits,c1_0.description,c1_0.title from courses c1_0 where c1_0.id=?
Hibernate: select count(se1_0.id) from student_enrollments se1_0 left join course_offerings o1_0 on o1_0.id=se1_0.offering_id where o1_0.id=? and se1_0.status=?
2025-11-28T01:40:29.176+05:30 ERROR 1807899 --- [nio-8080-exec-7] org.thymeleaf.TemplateEngine             : [THYMELEAF][http-nio-8080-exec-7] Exception processing template "pages/profile": Error resolving template [pages/profile], template might not exist or might not be accessible by any of the configured Template Resolvers

org.thymeleaf.exceptions.TemplateInputException: Error resolving template [pages/profile], template might not exist or might not be accessible by any of the configured Template Resolvers
	at org.thymeleaf.engine.TemplateManager.resolveTemplate(TemplateManager.java:869) ~[thymeleaf-3.1.3.RELEASE.jar:3.1.3.RELEASE]
	at org.thymeleaf.engine.TemplateManager.parseAndProcess(TemplateManager.java:607) ~[thymeleaf-3.1.3.RELEASE.jar:3.1.3.RELEASE]
	at org.thymeleaf.TemplateEngine.process(TemplateEngine.java:1103) ~[thymeleaf-3.1.3.RELEASE.jar:3.1.3.RELEASE]
	at org.thymeleaf.TemplateEngine.process(TemplateEngine.java:1077) ~[thymeleaf-3.1.3.RELEASE.jar:3.1.3.RELEASE]
	at org.thymeleaf.spring6.view.ThymeleafView.renderFragment(ThymeleafView.java:372) ~[thymeleaf-spring6-3.1.3.RELEASE.jar:3.1.3.RELEASE]
	at org.thymeleaf.spring6.view.ThymeleafView.render(ThymeleafView.java:192) ~[thymeleaf-spring6-3.1.3.RELEASE.jar:3.1.3.RELEASE]
	at org.springframework.web.servlet.DispatcherServlet.render(DispatcherServlet.java:1438) ~[spring-webmvc-6.2.14.jar:6.2.14]
	at org.springframework.web.servlet.DispatcherServlet.processDispatchResult(DispatcherServlet.java:1168) ~[spring-webmvc-6.2.14.jar:6.2.14]
	at org.springframework.web.servlet.DispatcherServlet.doDispatch(DispatcherServlet.java:1106) ~[spring-webmvc-6.2.14.jar:6.2.14]
	at org.springframework.web.servlet.DispatcherServlet.doService(DispatcherServlet.java:979) ~[spring-webmvc-6.2.14.jar:6.2.14]
	at org.springframework.web.servlet.FrameworkServlet.processRequest(FrameworkServlet.java:1014) ~[spring-webmvc-6.2.14.jar:6.2.14]
	at org.springframework.web.servlet.FrameworkServlet.doGet(FrameworkServlet.java:903) ~[spring-webmvc-6.2.14.jar:6.2.14]
	at jakarta.servlet.http.HttpServlet.service(HttpServlet.java:564) ~[tomcat-embed-core-10.1.49.jar:6.0]
	at org.springframework.web.servlet.FrameworkServlet.service(FrameworkServlet.java:885) ~[spring-webmvc-6.2.14.jar:6.2.14]
	at jakarta.servlet.http.HttpServlet.service(HttpServlet.java:658) ~[tomcat-embed-core-10.1.49.jar:6.0]
	at org.apache.catalina.core.ApplicationFilterChain.internalDoFilter(ApplicationFilterChain.java:193) ~[tomcat-embed-core-10.1.49.jar:10.1.49]
	at org.apache.catalina.core.ApplicationFilterChain.doFilter(ApplicationFilterChain.java:138) ~[tomcat-embed-core-10.1.49.jar:10.1.49]
	at org.apache.tomcat.websocket.server.WsFilter.doFilter(WsFilter.java:51) ~[tomcat-embed-websocket-10.1.49.jar:10.1.49]
	at org.apache.catalina.core.ApplicationFilterChain.internalDoFilter(ApplicationFilterChain.java:162) ~[tomcat-embed-core-10.1.49.jar:10.1.49]
	at org.apache.catalina.core.ApplicationFilterChain.doFilter(ApplicationFilterChain.java:138) ~[tomcat-embed-core-10.1.49.jar:10.1.49]
	at org.springframework.web.filter.CompositeFilter$VirtualFilterChain.doFilter(CompositeFilter.java:108) ~[spring-web-6.2.14.jar:6.2.14]
	at org.springframework.security.web.FilterChainProxy.lambda$doFilterInternal$3(FilterChainProxy.java:231) ~[spring-security-web-6.4.13.jar:6.4.13]
	at org.springframework.security.web.FilterChainProxy$VirtualFilterChain.doFilter(FilterChainProxy.java:365) ~[spring-security-web-6.4.13.jar:6.4.13]
	at org.springframework.security.web.access.intercept.AuthorizationFilter.doFilter(AuthorizationFilter.java:101) ~[spring-security-web-6.4.13.jar:6.4.13]
	at org.springframework.security.web.FilterChainProxy$VirtualFilterChain.doFilter(FilterChainProxy.java:374) ~[spring-security-web-6.4.13.jar:6.4.13]
	at org.springframework.security.web.access.ExceptionTranslationFilter.doFilter(ExceptionTranslationFilter.java:126) ~[spring-security-web-6.4.13.jar:6.4.13]
	at org.springframework.security.web.access.ExceptionTranslationFilter.doFilter(ExceptionTranslationFilter.java:120) ~[spring-security-web-6.4.13.jar:6.4.13]
	at org.springframework.security.web.FilterChainProxy$VirtualFilterChain.doFilter(FilterChainProxy.java:374) ~[spring-security-web-6.4.13.jar:6.4.13]
	at org.springframework.security.web.authentication.AnonymousAuthenticationFilter.doFilter(AnonymousAuthenticationFilter.java:100) ~[spring-security-web-6.4.13.jar:6.4.13]
	at org.springframework.security.web.FilterChainProxy$VirtualFilterChain.doFilter(FilterChainProxy.java:374) ~[spring-security-web-6.4.13.jar:6.4.13]
	at org.springframework.security.web.servletapi.SecurityContextHolderAwareRequestFilter.doFilter(SecurityContextHolderAwareRequestFilter.java:179) ~[spring-security-web-6.4.13.jar:6.4.13]
	at org.springframework.security.web.FilterChainProxy$VirtualFilterChain.doFilter(FilterChainProxy.java:374) ~[spring-security-web-6.4.13.jar:6.4.13]
	at org.springframework.security.web.savedrequest.RequestCacheAwareFilter.doFilter(RequestCacheAwareFilter.java:63) ~[spring-security-web-6.4.13.jar:6.4.13]
	at org.springframework.security.web.FilterChainProxy$VirtualFilterChain.doFilter(FilterChainProxy.java:374) ~[spring-security-web-6.4.13.jar:6.4.13]
	at org.springframework.security.web.authentication.AbstractAuthenticationProcessingFilter.doFilter(AbstractAuthenticationProcessingFilter.java:227) ~[spring-security-web-6.4.13.jar:6.4.13]
	at org.springframework.security.web.authentication.AbstractAuthenticationProcessingFilter.doFilter(AbstractAuthenticationProcessingFilter.java:221) ~[spring-security-web-6.4.13.jar:6.4.13]
	at org.springframework.security.web.FilterChainProxy$VirtualFilterChain.doFilter(FilterChainProxy.java:374) ~[spring-security-web-6.4.13.jar:6.4.13]
	at org.springframework.security.web.authentication.logout.LogoutFilter.doFilter(LogoutFilter.java:107) ~[spring-security-web-6.4.13.jar:6.4.13]
	at org.springframework.security.web.authentication.logout.LogoutFilter.doFilter(LogoutFilter.java:93) ~[spring-security-web-6.4.13.jar:6.4.13]
	at org.springframework.security.web.FilterChainProxy$VirtualFilterChain.doFilter(FilterChainProxy.java:374) ~[spring-security-web-6.4.13.jar:6.4.13]
	at org.springframework.security.web.csrf.CsrfFilter.doFilterInternal(CsrfFilter.java:117) ~[spring-security-web-6.4.13.jar:6.4.13]
	at org.springframework.web.filter.OncePerRequestFilter.doFilter(OncePerRequestFilter.java:116) ~[spring-web-6.2.14.jar:6.2.14]
	at org.springframework.security.web.FilterChainProxy$VirtualFilterChain.doFilter(FilterChainProxy.java:374) ~[spring-security-web-6.4.13.jar:6.4.13]
	at org.springframework.security.web.header.HeaderWriterFilter.doHeadersAfter(HeaderWriterFilter.java:90) ~[spring-security-web-6.4.13.jar:6.4.13]
	at org.springframework.security.web.header.HeaderWriterFilter.doFilterInternal(HeaderWriterFilter.java:75) ~[spring-security-web-6.4.13.jar:6.4.13]
	at org.springframework.web.filter.OncePerRequestFilter.doFilter(OncePerRequestFilter.java:116) ~[spring-web-6.2.14.jar:6.2.14]
	at org.springframework.security.web.FilterChainProxy$VirtualFilterChain.doFilter(FilterChainProxy.java:374) ~[spring-security-web-6.4.13.jar:6.4.13]
	at org.springframework.security.web.context.SecurityContextHolderFilter.doFilter(SecurityContextHolderFilter.java:82) ~[spring-security-web-6.4.13.jar:6.4.13]
	at org.springframework.security.web.context.SecurityContextHolderFilter.doFilter(SecurityContextHolderFilter.java:69) ~[spring-security-web-6.4.13.jar:6.4.13]
	at org.springframework.security.web.FilterChainProxy$VirtualFilterChain.doFilter(FilterChainProxy.java:374) ~[spring-security-web-6.4.13.jar:6.4.13]
	at org.springframework.security.web.context.request.async.WebAsyncManagerIntegrationFilter.doFilterInternal(WebAsyncManagerIntegrationFilter.java:62) ~[spring-security-web-6.4.13.jar:6.4.13]
	at org.springframework.web.filter.OncePerRequestFilter.doFilter(OncePerRequestFilter.java:116) ~[spring-web-6.2.14.jar:6.2.14]
	at org.springframework.security.web.FilterChainProxy$VirtualFilterChain.doFilter(FilterChainProxy.java:374) ~[spring-security-web-6.4.13.jar:6.4.13]
	at org.springframework.security.web.session.DisableEncodeUrlFilter.doFilterInternal(DisableEncodeUrlFilter.java:42) ~[spring-security-web-6.4.13.jar:6.4.13]
	at org.springframework.web.filter.OncePerRequestFilter.doFilter(OncePerRequestFilter.java:116) ~[spring-web-6.2.14.jar:6.2.14]
	at org.springframework.security.web.FilterChainProxy$VirtualFilterChain.doFilter(FilterChainProxy.java:374) ~[spring-security-web-6.4.13.jar:6.4.13]
	at org.springframework.security.web.FilterChainProxy.doFilterInternal(FilterChainProxy.java:233) ~[spring-security-web-6.4.13.jar:6.4.13]
	at org.springframework.security.web.FilterChainProxy.doFilter(FilterChainProxy.java:191) ~[spring-security-web-6.4.13.jar:6.4.13]
	at org.springframework.web.filter.CompositeFilter$VirtualFilterChain.doFilter(CompositeFilter.java:113) ~[spring-web-6.2.14.jar:6.2.14]
	at org.springframework.web.servlet.handler.HandlerMappingIntrospector.lambda$createCacheFilter$4(HandlerMappingIntrospector.java:267) ~[spring-webmvc-6.2.14.jar:6.2.14]
	at org.springframework.web.filter.CompositeFilter$VirtualFilterChain.doFilter(CompositeFilter.java:113) ~[spring-web-6.2.14.jar:6.2.14]
	at org.springframework.web.filter.CompositeFilter.doFilter(CompositeFilter.java:74) ~[spring-web-6.2.14.jar:6.2.14]
	at org.springframework.security.config.annotation.web.configuration.WebMvcSecurityConfiguration$CompositeFilterChainProxy.doFilter(WebMvcSecurityConfiguration.java:238) ~[spring-security-config-6.4.13.jar:6.4.13]
	at org.springframework.web.filter.DelegatingFilterProxy.invokeDelegate(DelegatingFilterProxy.java:362) ~[spring-web-6.2.14.jar:6.2.14]
	at org.springframework.web.filter.DelegatingFilterProxy.doFilter(DelegatingFilterProxy.java:278) ~[spring-web-6.2.14.jar:6.2.14]
	at org.apache.catalina.core.ApplicationFilterChain.internalDoFilter(ApplicationFilterChain.java:162) ~[tomcat-embed-core-10.1.49.jar:10.1.49]
	at org.apache.catalina.core.ApplicationFilterChain.doFilter(ApplicationFilterChain.java:138) ~[tomcat-embed-core-10.1.49.jar:10.1.49]
	at org.springframework.web.filter.RequestContextFilter.doFilterInternal(RequestContextFilter.java:100) ~[spring-web-6.2.14.jar:6.2.14]
	at org.springframework.web.filter.OncePerRequestFilter.doFilter(OncePerRequestFilter.java:116) ~[spring-web-6.2.14.jar:6.2.14]
	at org.apache.catalina.core.ApplicationFilterChain.internalDoFilter(ApplicationFilterChain.java:162) ~[tomcat-embed-core-10.1.49.jar:10.1.49]
	at org.apache.catalina.core.ApplicationFilterChain.doFilter(ApplicationFilterChain.java:138) ~[tomcat-embed-core-10.1.49.jar:10.1.49]
	at org.springframework.web.filter.FormContentFilter.doFilterInternal(FormContentFilter.java:93) ~[spring-web-6.2.14.jar:6.2.14]
	at org.springframework.web.filter.OncePerRequestFilter.doFilter(OncePerRequestFilter.java:116) ~[spring-web-6.2.14.jar:6.2.14]
	at org.apache.catalina.core.ApplicationFilterChain.internalDoFilter(ApplicationFilterChain.java:162) ~[tomcat-embed-core-10.1.49.jar:10.1.49]
	at org.apache.catalina.core.ApplicationFilterChain.doFilter(ApplicationFilterChain.java:138) ~[tomcat-embed-core-10.1.49.jar:10.1.49]
	at org.springframework.web.filter.CharacterEncodingFilter.doFilterInternal(CharacterEncodingFilter.java:201) ~[spring-web-6.2.14.jar:6.2.14]
	at org.springframework.web.filter.OncePerRequestFilter.doFilter(OncePerRequestFilter.java:116) ~[spring-web-6.2.14.jar:6.2.14]
	at org.apache.catalina.core.ApplicationFilterChain.internalDoFilter(ApplicationFilterChain.java:162) ~[tomcat-embed-core-10.1.49.jar:10.1.49]
	at org.apache.catalina.core.ApplicationFilterChain.doFilter(ApplicationFilterChain.java:138) ~[tomcat-embed-core-10.1.49.jar:10.1.49]
	at org.apache.catalina.core.StandardWrapperValve.invoke(StandardWrapperValve.java:165) ~[tomcat-embed-core-10.1.49.jar:10.1.49]
	at org.apache.catalina.core.StandardContextValve.invoke(StandardContextValve.java:88) ~[tomcat-embed-core-10.1.49.jar:10.1.49]
	at org.apache.catalina.authenticator.AuthenticatorBase.invoke(AuthenticatorBase.java:482) ~[tomcat-embed-core-10.1.49.jar:10.1.49]
	at org.apache.catalina.core.StandardHostValve.invoke(StandardHostValve.java:113) ~[tomcat-embed-core-10.1.49.jar:10.1.49]
	at org.apache.catalina.valves.ErrorReportValve.invoke(ErrorReportValve.java:83) ~[tomcat-embed-core-10.1.49.jar:10.1.49]
	at org.apache.catalina.core.StandardEngineValve.invoke(StandardEngineValve.java:72) ~[tomcat-embed-core-10.1.49.jar:10.1.49]
	at org.apache.catalina.connector.CoyoteAdapter.service(CoyoteAdapter.java:342) ~[tomcat-embed-core-10.1.49.jar:10.1.49]
	at org.apache.coyote.http11.Http11Processor.service(Http11Processor.java:399) ~[tomcat-embed-core-10.1.49.jar:10.1.49]
	at org.apache.coyote.AbstractProcessorLight.process(AbstractProcessorLight.java:63) ~[tomcat-embed-core-10.1.49.jar:10.1.49]
	at org.apache.coyote.AbstractProtocol$ConnectionHandler.process(AbstractProtocol.java:903) ~[tomcat-embed-core-10.1.49.jar:10.1.49]
	at org.apache.tomcat.util.net.NioEndpoint$SocketProcessor.doRun(NioEndpoint.java:1774) ~[tomcat-embed-core-10.1.49.jar:10.1.49]
	at org.apache.tomcat.util.net.SocketProcessorBase.run(SocketProcessorBase.java:52) ~[tomcat-embed-core-10.1.49.jar:10.1.49]
	at org.apache.tomcat.util.threads.ThreadPoolExecutor.runWorker(ThreadPoolExecutor.java:973) ~[tomcat-embed-core-10.1.49.jar:10.1.49]
	at org.apache.tomcat.util.threads.ThreadPoolExecutor$Worker.run(ThreadPoolExecutor.java:491) ~[tomcat-embed-core-10.1.49.jar:10.1.49]
	at org.apache.tomcat.util.threads.TaskThread$WrappingRunnable.run(TaskThread.java:63) ~[tomcat-embed-core-10.1.49.jar:10.1.49]
	at java.base/java.lang.Thread.run(Thread.java:1474) ~[na:na]

2025-11-28T01:40:29.177+05:30 ERROR 1807899 --- [nio-8080-exec-7] o.a.c.c.C.[.[.[/].[dispatcherServlet]    : Servlet.service() for servlet [dispatcherServlet] in context with path [] threw exception [Request processing failed: org.thymeleaf.exceptions.TemplateInputException: Error resolving template [pages/profile], template might not exist or might not be accessible by any of the configured Template Resolvers] with root cause

org.thymeleaf.exceptions.TemplateInputException: Error resolving template [pages/profile], template might not exist or might not be accessible by any of the configured Template Resolvers
	at org.thymeleaf.engine.TemplateManager.resolveTemplate(TemplateManager.java:869) ~[thymeleaf-3.1.3.RELEASE.jar:3.1.3.RELEASE]
	at org.thymeleaf.engine.TemplateManager.parseAndProcess(TemplateManager.java:607) ~[thymeleaf-3.1.3.RELEASE.jar:3.1.3.RELEASE]
	at org.thymeleaf.TemplateEngine.process(TemplateEngine.java:1103) ~[thymeleaf-3.1.3.RELEASE.jar:3.1.3.RELEASE]
	at org.thymeleaf.TemplateEngine.process(TemplateEngine.java:1077) ~[thymeleaf-3.1.3.RELEASE.jar:3.1.3.RELEASE]
	at org.thymeleaf.spring6.view.ThymeleafView.renderFragment(ThymeleafView.java:372) ~[thymeleaf-spring6-3.1.3.RELEASE.jar:3.1.3.RELEASE]
	at org.thymeleaf.spring6.view.ThymeleafView.render(ThymeleafView.java:192) ~[thymeleaf-spring6-3.1.3.RELEASE.jar:3.1.3.RELEASE]
	at org.springframework.web.servlet.DispatcherServlet.render(DispatcherServlet.java:1438) ~[spring-webmvc-6.2.14.jar:6.2.14]
	at org.springframework.web.servlet.DispatcherServlet.processDispatchResult(DispatcherServlet.java:1168) ~[spring-webmvc-6.2.14.jar:6.2.14]
	at org.springframework.web.servlet.DispatcherServlet.doDispatch(DispatcherServlet.java:1106) ~[spring-webmvc-6.2.14.jar:6.2.14]
	at org.springframework.web.servlet.DispatcherServlet.doService(DispatcherServlet.java:979) ~[spring-webmvc-6.2.14.jar:6.2.14]
	at org.springframework.web.servlet.FrameworkServlet.processRequest(FrameworkServlet.java:1014) ~[spring-webmvc-6.2.14.jar:6.2.14]
	at org.springframework.web.servlet.FrameworkServlet.doGet(FrameworkServlet.java:903) ~[spring-webmvc-6.2.14.jar:6.2.14]
	at jakarta.servlet.http.HttpServlet.service(HttpServlet.java:564) ~[tomcat-embed-core-10.1.49.jar:6.0]
	at org.springframework.web.servlet.FrameworkServlet.service(FrameworkServlet.java:885) ~[spring-webmvc-6.2.14.jar:6.2.14]
	at jakarta.servlet.http.HttpServlet.service(HttpServlet.java:658) ~[tomcat-embed-core-10.1.49.jar:6.0]
	at org.apache.catalina.core.ApplicationFilterChain.internalDoFilter(ApplicationFilterChain.java:193) ~[tomcat-embed-core-10.1.49.jar:10.1.49]
	at org.apache.catalina.core.ApplicationFilterChain.doFilter(ApplicationFilterChain.java:138) ~[tomcat-embed-core-10.1.49.jar:10.1.49]
	at org.apache.tomcat.websocket.server.WsFilter.doFilter(WsFilter.java:51) ~[tomcat-embed-websocket-10.1.49.jar:10.1.49]
	at org.apache.catalina.core.ApplicationFilterChain.internalDoFilter(ApplicationFilterChain.java:162) ~[tomcat-embed-core-10.1.49.jar:10.1.49]
	at org.apache.catalina.core.ApplicationFilterChain.doFilter(ApplicationFilterChain.java:138) ~[tomcat-embed-core-10.1.49.jar:10.1.49]
	at org.springframework.web.filter.CompositeFilter$VirtualFilterChain.doFilter(CompositeFilter.java:108) ~[spring-web-6.2.14.jar:6.2.14]
	at org.springframework.security.web.FilterChainProxy.lambda$doFilterInternal$3(FilterChainProxy.java:231) ~[spring-security-web-6.4.13.jar:6.4.13]
	at org.springframework.security.web.FilterChainProxy$VirtualFilterChain.doFilter(FilterChainProxy.java:365) ~[spring-security-web-6.4.13.jar:6.4.13]
	at org.springframework.security.web.access.intercept.AuthorizationFilter.doFilter(AuthorizationFilter.java:101) ~[spring-security-web-6.4.13.jar:6.4.13]
	at org.springframework.security.web.FilterChainProxy$VirtualFilterChain.doFilter(FilterChainProxy.java:374) ~[spring-security-web-6.4.13.jar:6.4.13]
	at org.springframework.security.web.access.ExceptionTranslationFilter.doFilter(ExceptionTranslationFilter.java:126) ~[spring-security-web-6.4.13.jar:6.4.13]
	at org.springframework.security.web.access.ExceptionTranslationFilter.doFilter(ExceptionTranslationFilter.java:120) ~[spring-security-web-6.4.13.jar:6.4.13]
	at org.springframework.security.web.FilterChainProxy$VirtualFilterChain.doFilter(FilterChainProxy.java:374) ~[spring-security-web-6.4.13.jar:6.4.13]
	at org.springframework.security.web.authentication.AnonymousAuthenticationFilter.doFilter(AnonymousAuthenticationFilter.java:100) ~[spring-security-web-6.4.13.jar:6.4.13]
	at org.springframework.security.web.FilterChainProxy$VirtualFilterChain.doFilter(FilterChainProxy.java:374) ~[spring-security-web-6.4.13.jar:6.4.13]
	at org.springframework.security.web.servletapi.SecurityContextHolderAwareRequestFilter.doFilter(SecurityContextHolderAwareRequestFilter.java:179) ~[spring-security-web-6.4.13.jar:6.4.13]
	at org.springframework.security.web.FilterChainProxy$VirtualFilterChain.doFilter(FilterChainProxy.java:374) ~[spring-security-web-6.4.13.jar:6.4.13]
	at org.springframework.security.web.savedrequest.RequestCacheAwareFilter.doFilter(RequestCacheAwareFilter.java:63) ~[spring-security-web-6.4.13.jar:6.4.13]
	at org.springframework.security.web.FilterChainProxy$VirtualFilterChain.doFilter(FilterChainProxy.java:374) ~[spring-security-web-6.4.13.jar:6.4.13]
	at org.springframework.security.web.authentication.AbstractAuthenticationProcessingFilter.doFilter(AbstractAuthenticationProcessingFilter.java:227) ~[spring-security-web-6.4.13.jar:6.4.13]
	at org.springframework.security.web.authentication.AbstractAuthenticationProcessingFilter.doFilter(AbstractAuthenticationProcessingFilter.java:221) ~[spring-security-web-6.4.13.jar:6.4.13]
	at org.springframework.security.web.FilterChainProxy$VirtualFilterChain.doFilter(FilterChainProxy.java:374) ~[spring-security-web-6.4.13.jar:6.4.13]
	at org.springframework.security.web.authentication.logout.LogoutFilter.doFilter(LogoutFilter.java:107) ~[spring-security-web-6.4.13.jar:6.4.13]
	at org.springframework.security.web.authentication.logout.LogoutFilter.doFilter(LogoutFilter.java:93) ~[spring-security-web-6.4.13.jar:6.4.13]
	at org.springframework.security.web.FilterChainProxy$VirtualFilterChain.doFilter(FilterChainProxy.java:374) ~[spring-security-web-6.4.13.jar:6.4.13]
	at org.springframework.security.web.csrf.CsrfFilter.doFilterInternal(CsrfFilter.java:117) ~[spring-security-web-6.4.13.jar:6.4.13]
	at org.springframework.web.filter.OncePerRequestFilter.doFilter(OncePerRequestFilter.java:116) ~[spring-web-6.2.14.jar:6.2.14]
	at org.springframework.security.web.FilterChainProxy$VirtualFilterChain.doFilter(FilterChainProxy.java:374) ~[spring-security-web-6.4.13.jar:6.4.13]
	at org.springframework.security.web.header.HeaderWriterFilter.doHeadersAfter(HeaderWriterFilter.java:90) ~[spring-security-web-6.4.13.jar:6.4.13]
	at org.springframework.security.web.header.HeaderWriterFilter.doFilterInternal(HeaderWriterFilter.java:75) ~[spring-security-web-6.4.13.jar:6.4.13]
	at org.springframework.web.filter.OncePerRequestFilter.doFilter(OncePerRequestFilter.java:116) ~[spring-web-6.2.14.jar:6.2.14]
	at org.springframework.security.web.FilterChainProxy$VirtualFilterChain.doFilter(FilterChainProxy.java:374) ~[spring-security-web-6.4.13.jar:6.4.13]
	at org.springframework.security.web.context.SecurityContextHolderFilter.doFilter(SecurityContextHolderFilter.java:82) ~[spring-security-web-6.4.13.jar:6.4.13]
	at org.springframework.security.web.context.SecurityContextHolderFilter.doFilter(SecurityContextHolderFilter.java:69) ~[spring-security-web-6.4.13.jar:6.4.13]
	at org.springframework.security.web.FilterChainProxy$VirtualFilterChain.doFilter(FilterChainProxy.java:374) ~[spring-security-web-6.4.13.jar:6.4.13]
	at org.springframework.security.web.context.request.async.WebAsyncManagerIntegrationFilter.doFilterInternal(WebAsyncManagerIntegrationFilter.java:62) ~[spring-security-web-6.4.13.jar:6.4.13]
	at org.springframework.web.filter.OncePerRequestFilter.doFilter(OncePerRequestFilter.java:116) ~[spring-web-6.2.14.jar:6.2.14]
	at org.springframework.security.web.FilterChainProxy$VirtualFilterChain.doFilter(FilterChainProxy.java:374) ~[spring-security-web-6.4.13.jar:6.4.13]
	at org.springframework.security.web.session.DisableEncodeUrlFilter.doFilterInternal(DisableEncodeUrlFilter.java:42) ~[spring-security-web-6.4.13.jar:6.4.13]
	at org.springframework.web.filter.OncePerRequestFilter.doFilter(OncePerRequestFilter.java:116) ~[spring-web-6.2.14.jar:6.2.14]
	at org.springframework.security.web.FilterChainProxy$VirtualFilterChain.doFilter(FilterChainProxy.java:374) ~[spring-security-web-6.4.13.jar:6.4.13]
	at org.springframework.security.web.FilterChainProxy.doFilterInternal(FilterChainProxy.java:233) ~[spring-security-web-6.4.13.jar:6.4.13]
	at org.springframework.security.web.FilterChainProxy.doFilter(FilterChainProxy.java:191) ~[spring-security-web-6.4.13.jar:6.4.13]
	at org.springframework.web.filter.CompositeFilter$VirtualFilterChain.doFilter(CompositeFilter.java:113) ~[spring-web-6.2.14.jar:6.2.14]
	at org.springframework.web.servlet.handler.HandlerMappingIntrospector.lambda$createCacheFilter$4(HandlerMappingIntrospector.java:267) ~[spring-webmvc-6.2.14.jar:6.2.14]
	at org.springframework.web.filter.CompositeFilter$VirtualFilterChain.doFilter(CompositeFilter.java:113) ~[spring-web-6.2.14.jar:6.2.14]
	at org.springframework.web.filter.CompositeFilter.doFilter(CompositeFilter.java:74) ~[spring-web-6.2.14.jar:6.2.14]
	at org.springframework.security.config.annotation.web.configuration.WebMvcSecurityConfiguration$CompositeFilterChainProxy.doFilter(WebMvcSecurityConfiguration.java:238) ~[spring-security-config-6.4.13.jar:6.4.13]
	at org.springframework.web.filter.DelegatingFilterProxy.invokeDelegate(DelegatingFilterProxy.java:362) ~[spring-web-6.2.14.jar:6.2.14]
	at org.springframework.web.filter.DelegatingFilterProxy.doFilter(DelegatingFilterProxy.java:278) ~[spring-web-6.2.14.jar:6.2.14]
	at org.apache.catalina.core.ApplicationFilterChain.internalDoFilter(ApplicationFilterChain.java:162) ~[tomcat-embed-core-10.1.49.jar:10.1.49]
	at org.apache.catalina.core.ApplicationFilterChain.doFilter(ApplicationFilterChain.java:138) ~[tomcat-embed-core-10.1.49.jar:10.1.49]
	at org.springframework.web.filter.RequestContextFilter.doFilterInternal(RequestContextFilter.java:100) ~[spring-web-6.2.14.jar:6.2.14]
	at org.springframework.web.filter.OncePerRequestFilter.doFilter(OncePerRequestFilter.java:116) ~[spring-web-6.2.14.jar:6.2.14]
	at org.apache.catalina.core.ApplicationFilterChain.internalDoFilter(ApplicationFilterChain.java:162) ~[tomcat-embed-core-10.1.49.jar:10.1.49]
	at org.apache.catalina.core.ApplicationFilterChain.doFilter(ApplicationFilterChain.java:138) ~[tomcat-embed-core-10.1.49.jar:10.1.49]
	at org.springframework.web.filter.FormContentFilter.doFilterInternal(FormContentFilter.java:93) ~[spring-web-6.2.14.jar:6.2.14]
	at org.springframework.web.filter.OncePerRequestFilter.doFilter(OncePerRequestFilter.java:116) ~[spring-web-6.2.14.jar:6.2.14]
	at org.apache.catalina.core.ApplicationFilterChain.internalDoFilter(ApplicationFilterChain.java:162) ~[tomcat-embed-core-10.1.49.jar:10.1.49]
	at org.apache.catalina.core.ApplicationFilterChain.doFilter(ApplicationFilterChain.java:138) ~[tomcat-embed-core-10.1.49.jar:10.1.49]
	at org.springframework.web.filter.CharacterEncodingFilter.doFilterInternal(CharacterEncodingFilter.java:201) ~[spring-web-6.2.14.jar:6.2.14]
	at org.springframework.web.filter.OncePerRequestFilter.doFilter(OncePerRequestFilter.java:116) ~[spring-web-6.2.14.jar:6.2.14]
	at org.apache.catalina.core.ApplicationFilterChain.internalDoFilter(ApplicationFilterChain.java:162) ~[tomcat-embed-core-10.1.49.jar:10.1.49]
	at org.apache.catalina.core.ApplicationFilterChain.doFilter(ApplicationFilterChain.java:138) ~[tomcat-embed-core-10.1.49.jar:10.1.49]
	at org.apache.catalina.core.StandardWrapperValve.invoke(StandardWrapperValve.java:165) ~[tomcat-embed-core-10.1.49.jar:10.1.49]
	at org.apache.catalina.core.StandardContextValve.invoke(StandardContextValve.java:88) ~[tomcat-embed-core-10.1.49.jar:10.1.49]
	at org.apache.catalina.authenticator.AuthenticatorBase.invoke(AuthenticatorBase.java:482) ~[tomcat-embed-core-10.1.49.jar:10.1.49]
	at org.apache.catalina.core.StandardHostValve.invoke(StandardHostValve.java:113) ~[tomcat-embed-core-10.1.49.jar:10.1.49]
	at org.apache.catalina.valves.ErrorReportValve.invoke(ErrorReportValve.java:83) ~[tomcat-embed-core-10.1.49.jar:10.1.49]
	at org.apache.catalina.core.StandardEngineValve.invoke(StandardEngineValve.java:72) ~[tomcat-embed-core-10.1.49.jar:10.1.49]
	at org.apache.catalina.connector.CoyoteAdapter.service(CoyoteAdapter.java:342) ~[tomcat-embed-core-10.1.49.jar:10.1.49]
	at org.apache.coyote.http11.Http11Processor.service(Http11Processor.java:399) ~[tomcat-embed-core-10.1.49.jar:10.1.49]
	at org.apache.coyote.AbstractProcessorLight.process(AbstractProcessorLight.java:63) ~[tomcat-embed-core-10.1.49.jar:10.1.49]
	at org.apache.coyote.AbstractProtocol$ConnectionHandler.process(AbstractProtocol.java:903) ~[tomcat-embed-core-10.1.49.jar:10.1.49]
	at org.apache.tomcat.util.net.NioEndpoint$SocketProcessor.doRun(NioEndpoint.java:1774) ~[tomcat-embed-core-10.1.49.jar:10.1.49]
	at org.apache.tomcat.util.net.SocketProcessorBase.run(SocketProcessorBase.java:52) ~[tomcat-embed-core-10.1.49.jar:10.1.49]
	at org.apache.tomcat.util.threads.ThreadPoolExecutor.runWorker(ThreadPoolExecutor.java:973) ~[tomcat-embed-core-10.1.49.jar:10.1.49]
	at org.apache.tomcat.util.threads.ThreadPoolExecutor$Worker.run(ThreadPoolExecutor.java:491) ~[tomcat-embed-core-10.1.49.jar:10.1.49]
	at org.apache.tomcat.util.threads.TaskThread$WrappingRunnable.run(TaskThread.java:63) ~[tomcat-embed-core-10.1.49.jar:10.1.49]
	at java.base/java.lang.Thread.run(Thread.java:1474) ~[na:na]

Hibernate: select c1_0.id,c1_0.code,c1_0.created_at,c1_0.credits,c1_0.description,c1_0.title from courses c1_0 where c1_0.id=?
Hibernate: select f1_0.id,f1_0.created_at,f1_0.department,f1_0.email,f1_0.first_name,f1_0.is_active,f1_0.last_name,f1_0.phone,f1_0.updated_at from faculty f1_0 where f1_0.id=?
Hibernate: select count(se1_0.id) from student_enrollments se1_0 left join course_offerings o1_0 on o1_0.id=se1_0.offering_id where o1_0.id=? and se1_0.status=?
Hibernate: select f1_0.id,f1_0.created_at,f1_0.department,f1_0.email,f1_0.first_name,f1_0.is_active,f1_0.last_name,f1_0.phone,f1_0.updated_at from faculty f1_0 where f1_0.id=?
Hibernate: select count(se1_0.id) from student_enrollments se1_0 left join course_offerings o1_0 on o1_0.id=se1_0.offering_id where o1_0.id=? and se1_0.status=?
Hibernate: select c1_0.id,c1_0.code,c1_0.created_at,c1_0.credits,c1_0.description,c1_0.title from courses c1_0 where c1_0.id=?
Hibernate: select count(se1_0.id) from student_enrollments se1_0 left join course_offerings o1_0 on o1_0.id=se1_0.offering_id where o1_0.id=? and se1_0.status=?
Hibernate: select c1_0.id,c1_0.code,c1_0.created_at,c1_0.credits,c1_0.description,c1_0.title from courses c1_0 where c1_0.id=?
Hibernate: select f1_0.id,f1_0.created_at,f1_0.department,f1_0.email,f1_0.first_name,f1_0.is_active,f1_0.last_name,f1_0.phone,f1_0.updated_at from faculty f1_0 where f1_0.id=?
Hibernate: select count(se1_0.id) from student_enrollments se1_0 left join course_offerings o1_0 on o1_0.id=se1_0.offering_id where o1_0.id=? and se1_0.status=?
Hibernate: select c1_0.id,c1_0.code,c1_0.created_at,c1_0.credits,c1_0.description,c1_0.title from courses c1_0 where c1_0.id=?
Hibernate: select count(se1_0.id) from student_enrollments se1_0 left join course_offerings o1_0 on o1_0.id=se1_0.offering_id where o1_0.id=? and se1_0.status=?
Hibernate: select count(se1_0.id) from student_enrollments se1_0 left join course_offerings o1_0 on o1_0.id=se1_0.offering_id where o1_0.id=? and se1_0.status=?
2025-11-28T01:40:31.422+05:30 ERROR 1807899 --- [nio-8080-exec-4] org.thymeleaf.TemplateEngine             : [THYMELEAF][http-nio-8080-exec-4] Exception processing template "pages/settings": Error resolving template [pages/settings], template might not exist or might not be accessible by any of the configured Template Resolvers

org.thymeleaf.exceptions.TemplateInputException: Error resolving template [pages/settings], template might not exist or might not be accessible by any of the configured Template Resolvers
	at org.thymeleaf.engine.TemplateManager.resolveTemplate(TemplateManager.java:869) ~[thymeleaf-3.1.3.RELEASE.jar:3.1.3.RELEASE]
	at org.thymeleaf.engine.TemplateManager.parseAndProcess(TemplateManager.java:607) ~[thymeleaf-3.1.3.RELEASE.jar:3.1.3.RELEASE]
	at org.thymeleaf.TemplateEngine.process(TemplateEngine.java:1103) ~[thymeleaf-3.1.3.RELEASE.jar:3.1.3.RELEASE]
	at org.thymeleaf.TemplateEngine.process(TemplateEngine.java:1077) ~[thymeleaf-3.1.3.RELEASE.jar:3.1.3.RELEASE]
	at org.thymeleaf.spring6.view.ThymeleafView.renderFragment(ThymeleafView.java:372) ~[thymeleaf-spring6-3.1.3.RELEASE.jar:3.1.3.RELEASE]
	at org.thymeleaf.spring6.view.ThymeleafView.render(ThymeleafView.java:192) ~[thymeleaf-spring6-3.1.3.RELEASE.jar:3.1.3.RELEASE]
	at org.springframework.web.servlet.DispatcherServlet.render(DispatcherServlet.java:1438) ~[spring-webmvc-6.2.14.jar:6.2.14]
	at org.springframework.web.servlet.DispatcherServlet.processDispatchResult(DispatcherServlet.java:1168) ~[spring-webmvc-6.2.14.jar:6.2.14]
	at org.springframework.web.servlet.DispatcherServlet.doDispatch(DispatcherServlet.java:1106) ~[spring-webmvc-6.2.14.jar:6.2.14]
	at org.springframework.web.servlet.DispatcherServlet.doService(DispatcherServlet.java:979) ~[spring-webmvc-6.2.14.jar:6.2.14]
	at org.springframework.web.servlet.FrameworkServlet.processRequest(FrameworkServlet.java:1014) ~[spring-webmvc-6.2.14.jar:6.2.14]
	at org.springframework.web.servlet.FrameworkServlet.doGet(FrameworkServlet.java:903) ~[spring-webmvc-6.2.14.jar:6.2.14]
	at jakarta.servlet.http.HttpServlet.service(HttpServlet.java:564) ~[tomcat-embed-core-10.1.49.jar:6.0]
	at org.springframework.web.servlet.FrameworkServlet.service(FrameworkServlet.java:885) ~[spring-webmvc-6.2.14.jar:6.2.14]
	at jakarta.servlet.http.HttpServlet.service(HttpServlet.java:658) ~[tomcat-embed-core-10.1.49.jar:6.0]
	at org.apache.catalina.core.ApplicationFilterChain.internalDoFilter(ApplicationFilterChain.java:193) ~[tomcat-embed-core-10.1.49.jar:10.1.49]
	at org.apache.catalina.core.ApplicationFilterChain.doFilter(ApplicationFilterChain.java:138) ~[tomcat-embed-core-10.1.49.jar:10.1.49]
	at org.apache.tomcat.websocket.server.WsFilter.doFilter(WsFilter.java:51) ~[tomcat-embed-websocket-10.1.49.jar:10.1.49]
	at org.apache.catalina.core.ApplicationFilterChain.internalDoFilter(ApplicationFilterChain.java:162) ~[tomcat-embed-core-10.1.49.jar:10.1.49]
	at org.apache.catalina.core.ApplicationFilterChain.doFilter(ApplicationFilterChain.java:138) ~[tomcat-embed-core-10.1.49.jar:10.1.49]
	at org.springframework.web.filter.CompositeFilter$VirtualFilterChain.doFilter(CompositeFilter.java:108) ~[spring-web-6.2.14.jar:6.2.14]
	at org.springframework.security.web.FilterChainProxy.lambda$doFilterInternal$3(FilterChainProxy.java:231) ~[spring-security-web-6.4.13.jar:6.4.13]
	at org.springframework.security.web.FilterChainProxy$VirtualFilterChain.doFilter(FilterChainProxy.java:365) ~[spring-security-web-6.4.13.jar:6.4.13]
	at org.springframework.security.web.access.intercept.AuthorizationFilter.doFilter(AuthorizationFilter.java:101) ~[spring-security-web-6.4.13.jar:6.4.13]
	at org.springframework.security.web.FilterChainProxy$VirtualFilterChain.doFilter(FilterChainProxy.java:374) ~[spring-security-web-6.4.13.jar:6.4.13]
	at org.springframework.security.web.access.ExceptionTranslationFilter.doFilter(ExceptionTranslationFilter.java:126) ~[spring-security-web-6.4.13.jar:6.4.13]
	at org.springframework.security.web.access.ExceptionTranslationFilter.doFilter(ExceptionTranslationFilter.java:120) ~[spring-security-web-6.4.13.jar:6.4.13]
	at org.springframework.security.web.FilterChainProxy$VirtualFilterChain.doFilter(FilterChainProxy.java:374) ~[spring-security-web-6.4.13.jar:6.4.13]
	at org.springframework.security.web.authentication.AnonymousAuthenticationFilter.doFilter(AnonymousAuthenticationFilter.java:100) ~[spring-security-web-6.4.13.jar:6.4.13]
	at org.springframework.security.web.FilterChainProxy$VirtualFilterChain.doFilter(FilterChainProxy.java:374) ~[spring-security-web-6.4.13.jar:6.4.13]
	at org.springframework.security.web.servletapi.SecurityContextHolderAwareRequestFilter.doFilter(SecurityContextHolderAwareRequestFilter.java:179) ~[spring-security-web-6.4.13.jar:6.4.13]
	at org.springframework.security.web.FilterChainProxy$VirtualFilterChain.doFilter(FilterChainProxy.java:374) ~[spring-security-web-6.4.13.jar:6.4.13]
	at org.springframework.security.web.savedrequest.RequestCacheAwareFilter.doFilter(RequestCacheAwareFilter.java:63) ~[spring-security-web-6.4.13.jar:6.4.13]
	at org.springframework.security.web.FilterChainProxy$VirtualFilterChain.doFilter(FilterChainProxy.java:374) ~[spring-security-web-6.4.13.jar:6.4.13]
	at org.springframework.security.web.authentication.AbstractAuthenticationProcessingFilter.doFilter(AbstractAuthenticationProcessingFilter.java:227) ~[spring-security-web-6.4.13.jar:6.4.13]
	at org.springframework.security.web.authentication.AbstractAuthenticationProcessingFilter.doFilter(AbstractAuthenticationProcessingFilter.java:221) ~[spring-security-web-6.4.13.jar:6.4.13]
	at org.springframework.security.web.FilterChainProxy$VirtualFilterChain.doFilter(FilterChainProxy.java:374) ~[spring-security-web-6.4.13.jar:6.4.13]
	at org.springframework.security.web.authentication.logout.LogoutFilter.doFilter(LogoutFilter.java:107) ~[spring-security-web-6.4.13.jar:6.4.13]
	at org.springframework.security.web.authentication.logout.LogoutFilter.doFilter(LogoutFilter.java:93) ~[spring-security-web-6.4.13.jar:6.4.13]
	at org.springframework.security.web.FilterChainProxy$VirtualFilterChain.doFilter(FilterChainProxy.java:374) ~[spring-security-web-6.4.13.jar:6.4.13]
	at org.springframework.security.web.csrf.CsrfFilter.doFilterInternal(CsrfFilter.java:117) ~[spring-security-web-6.4.13.jar:6.4.13]
	at org.springframework.web.filter.OncePerRequestFilter.doFilter(OncePerRequestFilter.java:116) ~[spring-web-6.2.14.jar:6.2.14]
	at org.springframework.security.web.FilterChainProxy$VirtualFilterChain.doFilter(FilterChainProxy.java:374) ~[spring-security-web-6.4.13.jar:6.4.13]
	at org.springframework.security.web.header.HeaderWriterFilter.doHeadersAfter(HeaderWriterFilter.java:90) ~[spring-security-web-6.4.13.jar:6.4.13]
	at org.springframework.security.web.header.HeaderWriterFilter.doFilterInternal(HeaderWriterFilter.java:75) ~[spring-security-web-6.4.13.jar:6.4.13]
	at org.springframework.web.filter.OncePerRequestFilter.doFilter(OncePerRequestFilter.java:116) ~[spring-web-6.2.14.jar:6.2.14]
	at org.springframework.security.web.FilterChainProxy$VirtualFilterChain.doFilter(FilterChainProxy.java:374) ~[spring-security-web-6.4.13.jar:6.4.13]
	at org.springframework.security.web.context.SecurityContextHolderFilter.doFilter(SecurityContextHolderFilter.java:82) ~[spring-security-web-6.4.13.jar:6.4.13]
	at org.springframework.security.web.context.SecurityContextHolderFilter.doFilter(SecurityContextHolderFilter.java:69) ~[spring-security-web-6.4.13.jar:6.4.13]
	at org.springframework.security.web.FilterChainProxy$VirtualFilterChain.doFilter(FilterChainProxy.java:374) ~[spring-security-web-6.4.13.jar:6.4.13]
	at org.springframework.security.web.context.request.async.WebAsyncManagerIntegrationFilter.doFilterInternal(WebAsyncManagerIntegrationFilter.java:62) ~[spring-security-web-6.4.13.jar:6.4.13]
	at org.springframework.web.filter.OncePerRequestFilter.doFilter(OncePerRequestFilter.java:116) ~[spring-web-6.2.14.jar:6.2.14]
	at org.springframework.security.web.FilterChainProxy$VirtualFilterChain.doFilter(FilterChainProxy.java:374) ~[spring-security-web-6.4.13.jar:6.4.13]
	at org.springframework.security.web.session.DisableEncodeUrlFilter.doFilterInternal(DisableEncodeUrlFilter.java:42) ~[spring-security-web-6.4.13.jar:6.4.13]
	at org.springframework.web.filter.OncePerRequestFilter.doFilter(OncePerRequestFilter.java:116) ~[spring-web-6.2.14.jar:6.2.14]
	at org.springframework.security.web.FilterChainProxy$VirtualFilterChain.doFilter(FilterChainProxy.java:374) ~[spring-security-web-6.4.13.jar:6.4.13]
	at org.springframework.security.web.FilterChainProxy.doFilterInternal(FilterChainProxy.java:233) ~[spring-security-web-6.4.13.jar:6.4.13]
	at org.springframework.security.web.FilterChainProxy.doFilter(FilterChainProxy.java:191) ~[spring-security-web-6.4.13.jar:6.4.13]
	at org.springframework.web.filter.CompositeFilter$VirtualFilterChain.doFilter(CompositeFilter.java:113) ~[spring-web-6.2.14.jar:6.2.14]
	at org.springframework.web.servlet.handler.HandlerMappingIntrospector.lambda$createCacheFilter$4(HandlerMappingIntrospector.java:267) ~[spring-webmvc-6.2.14.jar:6.2.14]
	at org.springframework.web.filter.CompositeFilter$VirtualFilterChain.doFilter(CompositeFilter.java:113) ~[spring-web-6.2.14.jar:6.2.14]
	at org.springframework.web.filter.CompositeFilter.doFilter(CompositeFilter.java:74) ~[spring-web-6.2.14.jar:6.2.14]
	at org.springframework.security.config.annotation.web.configuration.WebMvcSecurityConfiguration$CompositeFilterChainProxy.doFilter(WebMvcSecurityConfiguration.java:238) ~[spring-security-config-6.4.13.jar:6.4.13]
	at org.springframework.web.filter.DelegatingFilterProxy.invokeDelegate(DelegatingFilterProxy.java:362) ~[spring-web-6.2.14.jar:6.2.14]
	at org.springframework.web.filter.DelegatingFilterProxy.doFilter(DelegatingFilterProxy.java:278) ~[spring-web-6.2.14.jar:6.2.14]
	at org.apache.catalina.core.ApplicationFilterChain.internalDoFilter(ApplicationFilterChain.java:162) ~[tomcat-embed-core-10.1.49.jar:10.1.49]
	at org.apache.catalina.core.ApplicationFilterChain.doFilter(ApplicationFilterChain.java:138) ~[tomcat-embed-core-10.1.49.jar:10.1.49]
	at org.springframework.web.filter.RequestContextFilter.doFilterInternal(RequestContextFilter.java:100) ~[spring-web-6.2.14.jar:6.2.14]
	at org.springframework.web.filter.OncePerRequestFilter.doFilter(OncePerRequestFilter.java:116) ~[spring-web-6.2.14.jar:6.2.14]
	at org.apache.catalina.core.ApplicationFilterChain.internalDoFilter(ApplicationFilterChain.java:162) ~[tomcat-embed-core-10.1.49.jar:10.1.49]
	at org.apache.catalina.core.ApplicationFilterChain.doFilter(ApplicationFilterChain.java:138) ~[tomcat-embed-core-10.1.49.jar:10.1.49]
	at org.springframework.web.filter.FormContentFilter.doFilterInternal(FormContentFilter.java:93) ~[spring-web-6.2.14.jar:6.2.14]
	at org.springframework.web.filter.OncePerRequestFilter.doFilter(OncePerRequestFilter.java:116) ~[spring-web-6.2.14.jar:6.2.14]
	at org.apache.catalina.core.ApplicationFilterChain.internalDoFilter(ApplicationFilterChain.java:162) ~[tomcat-embed-core-10.1.49.jar:10.1.49]
	at org.apache.catalina.core.ApplicationFilterChain.doFilter(ApplicationFilterChain.java:138) ~[tomcat-embed-core-10.1.49.jar:10.1.49]
	at org.springframework.web.filter.CharacterEncodingFilter.doFilterInternal(CharacterEncodingFilter.java:201) ~[spring-web-6.2.14.jar:6.2.14]
	at org.springframework.web.filter.OncePerRequestFilter.doFilter(OncePerRequestFilter.java:116) ~[spring-web-6.2.14.jar:6.2.14]
	at org.apache.catalina.core.ApplicationFilterChain.internalDoFilter(ApplicationFilterChain.java:162) ~[tomcat-embed-core-10.1.49.jar:10.1.49]
	at org.apache.catalina.core.ApplicationFilterChain.doFilter(ApplicationFilterChain.java:138) ~[tomcat-embed-core-10.1.49.jar:10.1.49]
	at org.apache.catalina.core.StandardWrapperValve.invoke(StandardWrapperValve.java:165) ~[tomcat-embed-core-10.1.49.jar:10.1.49]
	at org.apache.catalina.core.StandardContextValve.invoke(StandardContextValve.java:88) ~[tomcat-embed-core-10.1.49.jar:10.1.49]
	at org.apache.catalina.authenticator.AuthenticatorBase.invoke(AuthenticatorBase.java:482) ~[tomcat-embed-core-10.1.49.jar:10.1.49]
	at org.apache.catalina.core.StandardHostValve.invoke(StandardHostValve.java:113) ~[tomcat-embed-core-10.1.49.jar:10.1.49]
	at org.apache.catalina.valves.ErrorReportValve.invoke(ErrorReportValve.java:83) ~[tomcat-embed-core-10.1.49.jar:10.1.49]
	at org.apache.catalina.core.StandardEngineValve.invoke(StandardEngineValve.java:72) ~[tomcat-embed-core-10.1.49.jar:10.1.49]
	at org.apache.catalina.connector.CoyoteAdapter.service(CoyoteAdapter.java:342) ~[tomcat-embed-core-10.1.49.jar:10.1.49]
	at org.apache.coyote.http11.Http11Processor.service(Http11Processor.java:399) ~[tomcat-embed-core-10.1.49.jar:10.1.49]
	at org.apache.coyote.AbstractProcessorLight.process(AbstractProcessorLight.java:63) ~[tomcat-embed-core-10.1.49.jar:10.1.49]
	at org.apache.coyote.AbstractProtocol$ConnectionHandler.process(AbstractProtocol.java:903) ~[tomcat-embed-core-10.1.49.jar:10.1.49]
	at org.apache.tomcat.util.net.NioEndpoint$SocketProcessor.doRun(NioEndpoint.java:1774) ~[tomcat-embed-core-10.1.49.jar:10.1.49]
	at org.apache.tomcat.util.net.SocketProcessorBase.run(SocketProcessorBase.java:52) ~[tomcat-embed-core-10.1.49.jar:10.1.49]
	at org.apache.tomcat.util.threads.ThreadPoolExecutor.runWorker(ThreadPoolExecutor.java:973) ~[tomcat-embed-core-10.1.49.jar:10.1.49]
	at org.apache.tomcat.util.threads.ThreadPoolExecutor$Worker.run(ThreadPoolExecutor.java:491) ~[tomcat-embed-core-10.1.49.jar:10.1.49]
	at org.apache.tomcat.util.threads.TaskThread$WrappingRunnable.run(TaskThread.java:63) ~[tomcat-embed-core-10.1.49.jar:10.1.49]
	at java.base/java.lang.Thread.run(Thread.java:1474) ~[na:na]

2025-11-28T01:40:31.423+05:30 ERROR 1807899 --- [nio-8080-exec-4] o.a.c.c.C.[.[.[/].[dispatcherServlet]    : Servlet.service() for servlet [dispatcherServlet] in context with path [] threw exception [Request processing failed: org.thymeleaf.exceptions.TemplateInputException: Error resolving template [pages/settings], template might not exist or might not be accessible by any of the configured Template Resolvers] with root cause

org.thymeleaf.exceptions.TemplateInputException: Error resolving template [pages/settings], template might not exist or might not be accessible by any of the configured Template Resolvers
	at org.thymeleaf.engine.TemplateManager.resolveTemplate(TemplateManager.java:869) ~[thymeleaf-3.1.3.RELEASE.jar:3.1.3.RELEASE]
	at org.thymeleaf.engine.TemplateManager.parseAndProcess(TemplateManager.java:607) ~[thymeleaf-3.1.3.RELEASE.jar:3.1.3.RELEASE]
	at org.thymeleaf.TemplateEngine.process(TemplateEngine.java:1103) ~[thymeleaf-3.1.3.RELEASE.jar:3.1.3.RELEASE]
	at org.thymeleaf.TemplateEngine.process(TemplateEngine.java:1077) ~[thymeleaf-3.1.3.RELEASE.jar:3.1.3.RELEASE]
	at org.thymeleaf.spring6.view.ThymeleafView.renderFragment(ThymeleafView.java:372) ~[thymeleaf-spring6-3.1.3.RELEASE.jar:3.1.3.RELEASE]
	at org.thymeleaf.spring6.view.ThymeleafView.render(ThymeleafView.java:192) ~[thymeleaf-spring6-3.1.3.RELEASE.jar:3.1.3.RELEASE]
	at org.springframework.web.servlet.DispatcherServlet.render(DispatcherServlet.java:1438) ~[spring-webmvc-6.2.14.jar:6.2.14]
	at org.springframework.web.servlet.DispatcherServlet.processDispatchResult(DispatcherServlet.java:1168) ~[spring-webmvc-6.2.14.jar:6.2.14]
	at org.springframework.web.servlet.DispatcherServlet.doDispatch(DispatcherServlet.java:1106) ~[spring-webmvc-6.2.14.jar:6.2.14]
	at org.springframework.web.servlet.DispatcherServlet.doService(DispatcherServlet.java:979) ~[spring-webmvc-6.2.14.jar:6.2.14]
	at org.springframework.web.servlet.FrameworkServlet.processRequest(FrameworkServlet.java:1014) ~[spring-webmvc-6.2.14.jar:6.2.14]
	at org.springframework.web.servlet.FrameworkServlet.doGet(FrameworkServlet.java:903) ~[spring-webmvc-6.2.14.jar:6.2.14]
	at jakarta.servlet.http.HttpServlet.service(HttpServlet.java:564) ~[tomcat-embed-core-10.1.49.jar:6.0]
	at org.springframework.web.servlet.FrameworkServlet.service(FrameworkServlet.java:885) ~[spring-webmvc-6.2.14.jar:6.2.14]
	at jakarta.servlet.http.HttpServlet.service(HttpServlet.java:658) ~[tomcat-embed-core-10.1.49.jar:6.0]
	at org.apache.catalina.core.ApplicationFilterChain.internalDoFilter(ApplicationFilterChain.java:193) ~[tomcat-embed-core-10.1.49.jar:10.1.49]
	at org.apache.catalina.core.ApplicationFilterChain.doFilter(ApplicationFilterChain.java:138) ~[tomcat-embed-core-10.1.49.jar:10.1.49]
	at org.apache.tomcat.websocket.server.WsFilter.doFilter(WsFilter.java:51) ~[tomcat-embed-websocket-10.1.49.jar:10.1.49]
	at org.apache.catalina.core.ApplicationFilterChain.internalDoFilter(ApplicationFilterChain.java:162) ~[tomcat-embed-core-10.1.49.jar:10.1.49]
	at org.apache.catalina.core.ApplicationFilterChain.doFilter(ApplicationFilterChain.java:138) ~[tomcat-embed-core-10.1.49.jar:10.1.49]
	at org.springframework.web.filter.CompositeFilter$VirtualFilterChain.doFilter(CompositeFilter.java:108) ~[spring-web-6.2.14.jar:6.2.14]
	at org.springframework.security.web.FilterChainProxy.lambda$doFilterInternal$3(FilterChainProxy.java:231) ~[spring-security-web-6.4.13.jar:6.4.13]
	at org.springframework.security.web.FilterChainProxy$VirtualFilterChain.doFilter(FilterChainProxy.java:365) ~[spring-security-web-6.4.13.jar:6.4.13]
	at org.springframework.security.web.access.intercept.AuthorizationFilter.doFilter(AuthorizationFilter.java:101) ~[spring-security-web-6.4.13.jar:6.4.13]
	at org.springframework.security.web.FilterChainProxy$VirtualFilterChain.doFilter(FilterChainProxy.java:374) ~[spring-security-web-6.4.13.jar:6.4.13]
	at org.springframework.security.web.access.ExceptionTranslationFilter.doFilter(ExceptionTranslationFilter.java:126) ~[spring-security-web-6.4.13.jar:6.4.13]
	at org.springframework.security.web.access.ExceptionTranslationFilter.doFilter(ExceptionTranslationFilter.java:120) ~[spring-security-web-6.4.13.jar:6.4.13]
	at org.springframework.security.web.FilterChainProxy$VirtualFilterChain.doFilter(FilterChainProxy.java:374) ~[spring-security-web-6.4.13.jar:6.4.13]
	at org.springframework.security.web.authentication.AnonymousAuthenticationFilter.doFilter(AnonymousAuthenticationFilter.java:100) ~[spring-security-web-6.4.13.jar:6.4.13]
	at org.springframework.security.web.FilterChainProxy$VirtualFilterChain.doFilter(FilterChainProxy.java:374) ~[spring-security-web-6.4.13.jar:6.4.13]
	at org.springframework.security.web.servletapi.SecurityContextHolderAwareRequestFilter.doFilter(SecurityContextHolderAwareRequestFilter.java:179) ~[spring-security-web-6.4.13.jar:6.4.13]
	at org.springframework.security.web.FilterChainProxy$VirtualFilterChain.doFilter(FilterChainProxy.java:374) ~[spring-security-web-6.4.13.jar:6.4.13]
	at org.springframework.security.web.savedrequest.RequestCacheAwareFilter.doFilter(RequestCacheAwareFilter.java:63) ~[spring-security-web-6.4.13.jar:6.4.13]
	at org.springframework.security.web.FilterChainProxy$VirtualFilterChain.doFilter(FilterChainProxy.java:374) ~[spring-security-web-6.4.13.jar:6.4.13]
	at org.springframework.security.web.authentication.AbstractAuthenticationProcessingFilter.doFilter(AbstractAuthenticationProcessingFilter.java:227) ~[spring-security-web-6.4.13.jar:6.4.13]
	at org.springframework.security.web.authentication.AbstractAuthenticationProcessingFilter.doFilter(AbstractAuthenticationProcessingFilter.java:221) ~[spring-security-web-6.4.13.jar:6.4.13]
	at org.springframework.security.web.FilterChainProxy$VirtualFilterChain.doFilter(FilterChainProxy.java:374) ~[spring-security-web-6.4.13.jar:6.4.13]
	at org.springframework.security.web.authentication.logout.LogoutFilter.doFilter(LogoutFilter.java:107) ~[spring-security-web-6.4.13.jar:6.4.13]
	at org.springframework.security.web.authentication.logout.LogoutFilter.doFilter(LogoutFilter.java:93) ~[spring-security-web-6.4.13.jar:6.4.13]
	at org.springframework.security.web.FilterChainProxy$VirtualFilterChain.doFilter(FilterChainProxy.java:374) ~[spring-security-web-6.4.13.jar:6.4.13]
	at org.springframework.security.web.csrf.CsrfFilter.doFilterInternal(CsrfFilter.java:117) ~[spring-security-web-6.4.13.jar:6.4.13]
	at org.springframework.web.filter.OncePerRequestFilter.doFilter(OncePerRequestFilter.java:116) ~[spring-web-6.2.14.jar:6.2.14]
	at org.springframework.security.web.FilterChainProxy$VirtualFilterChain.doFilter(FilterChainProxy.java:374) ~[spring-security-web-6.4.13.jar:6.4.13]
	at org.springframework.security.web.header.HeaderWriterFilter.doHeadersAfter(HeaderWriterFilter.java:90) ~[spring-security-web-6.4.13.jar:6.4.13]
	at org.springframework.security.web.header.HeaderWriterFilter.doFilterInternal(HeaderWriterFilter.java:75) ~[spring-security-web-6.4.13.jar:6.4.13]
	at org.springframework.web.filter.OncePerRequestFilter.doFilter(OncePerRequestFilter.java:116) ~[spring-web-6.2.14.jar:6.2.14]
	at org.springframework.security.web.FilterChainProxy$VirtualFilterChain.doFilter(FilterChainProxy.java:374) ~[spring-security-web-6.4.13.jar:6.4.13]
	at org.springframework.security.web.context.SecurityContextHolderFilter.doFilter(SecurityContextHolderFilter.java:82) ~[spring-security-web-6.4.13.jar:6.4.13]
	at org.springframework.security.web.context.SecurityContextHolderFilter.doFilter(SecurityContextHolderFilter.java:69) ~[spring-security-web-6.4.13.jar:6.4.13]
	at org.springframework.security.web.FilterChainProxy$VirtualFilterChain.doFilter(FilterChainProxy.java:374) ~[spring-security-web-6.4.13.jar:6.4.13]
	at org.springframework.security.web.context.request.async.WebAsyncManagerIntegrationFilter.doFilterInternal(WebAsyncManagerIntegrationFilter.java:62) ~[spring-security-web-6.4.13.jar:6.4.13]
	at org.springframework.web.filter.OncePerRequestFilter.doFilter(OncePerRequestFilter.java:116) ~[spring-web-6.2.14.jar:6.2.14]
	at org.springframework.security.web.FilterChainProxy$VirtualFilterChain.doFilter(FilterChainProxy.java:374) ~[spring-security-web-6.4.13.jar:6.4.13]
	at org.springframework.security.web.session.DisableEncodeUrlFilter.doFilterInternal(DisableEncodeUrlFilter.java:42) ~[spring-security-web-6.4.13.jar:6.4.13]
	at org.springframework.web.filter.OncePerRequestFilter.doFilter(OncePerRequestFilter.java:116) ~[spring-web-6.2.14.jar:6.2.14]
	at org.springframework.security.web.FilterChainProxy$VirtualFilterChain.doFilter(FilterChainProxy.java:374) ~[spring-security-web-6.4.13.jar:6.4.13]
	at org.springframework.security.web.FilterChainProxy.doFilterInternal(FilterChainProxy.java:233) ~[spring-security-web-6.4.13.jar:6.4.13]
	at org.springframework.security.web.FilterChainProxy.doFilter(FilterChainProxy.java:191) ~[spring-security-web-6.4.13.jar:6.4.13]
	at org.springframework.web.filter.CompositeFilter$VirtualFilterChain.doFilter(CompositeFilter.java:113) ~[spring-web-6.2.14.jar:6.2.14]
	at org.springframework.web.servlet.handler.HandlerMappingIntrospector.lambda$createCacheFilter$4(HandlerMappingIntrospector.java:267) ~[spring-webmvc-6.2.14.jar:6.2.14]
	at org.springframework.web.filter.CompositeFilter$VirtualFilterChain.doFilter(CompositeFilter.java:113) ~[spring-web-6.2.14.jar:6.2.14]
	at org.springframework.web.filter.CompositeFilter.doFilter(CompositeFilter.java:74) ~[spring-web-6.2.14.jar:6.2.14]
	at org.springframework.security.config.annotation.web.configuration.WebMvcSecurityConfiguration$CompositeFilterChainProxy.doFilter(WebMvcSecurityConfiguration.java:238) ~[spring-security-config-6.4.13.jar:6.4.13]
	at org.springframework.web.filter.DelegatingFilterProxy.invokeDelegate(DelegatingFilterProxy.java:362) ~[spring-web-6.2.14.jar:6.2.14]
	at org.springframework.web.filter.DelegatingFilterProxy.doFilter(DelegatingFilterProxy.java:278) ~[spring-web-6.2.14.jar:6.2.14]
	at org.apache.catalina.core.ApplicationFilterChain.internalDoFilter(ApplicationFilterChain.java:162) ~[tomcat-embed-core-10.1.49.jar:10.1.49]
	at org.apache.catalina.core.ApplicationFilterChain.doFilter(ApplicationFilterChain.java:138) ~[tomcat-embed-core-10.1.49.jar:10.1.49]
	at org.springframework.web.filter.RequestContextFilter.doFilterInternal(RequestContextFilter.java:100) ~[spring-web-6.2.14.jar:6.2.14]
	at org.springframework.web.filter.OncePerRequestFilter.doFilter(OncePerRequestFilter.java:116) ~[spring-web-6.2.14.jar:6.2.14]
	at org.apache.catalina.core.ApplicationFilterChain.internalDoFilter(ApplicationFilterChain.java:162) ~[tomcat-embed-core-10.1.49.jar:10.1.49]
	at org.apache.catalina.core.ApplicationFilterChain.doFilter(ApplicationFilterChain.java:138) ~[tomcat-embed-core-10.1.49.jar:10.1.49]
	at org.springframework.web.filter.FormContentFilter.doFilterInternal(FormContentFilter.java:93) ~[spring-web-6.2.14.jar:6.2.14]
	at org.springframework.web.filter.OncePerRequestFilter.doFilter(OncePerRequestFilter.java:116) ~[spring-web-6.2.14.jar:6.2.14]
	at org.apache.catalina.core.ApplicationFilterChain.internalDoFilter(ApplicationFilterChain.java:162) ~[tomcat-embed-core-10.1.49.jar:10.1.49]
	at org.apache.catalina.core.ApplicationFilterChain.doFilter(ApplicationFilterChain.java:138) ~[tomcat-embed-core-10.1.49.jar:10.1.49]
	at org.springframework.web.filter.CharacterEncodingFilter.doFilterInternal(CharacterEncodingFilter.java:201) ~[spring-web-6.2.14.jar:6.2.14]
	at org.springframework.web.filter.OncePerRequestFilter.doFilter(OncePerRequestFilter.java:116) ~[spring-web-6.2.14.jar:6.2.14]
	at org.apache.catalina.core.ApplicationFilterChain.internalDoFilter(ApplicationFilterChain.java:162) ~[tomcat-embed-core-10.1.49.jar:10.1.49]
	at org.apache.catalina.core.ApplicationFilterChain.doFilter(ApplicationFilterChain.java:138) ~[tomcat-embed-core-10.1.49.jar:10.1.49]
	at org.apache.catalina.core.StandardWrapperValve.invoke(StandardWrapperValve.java:165) ~[tomcat-embed-core-10.1.49.jar:10.1.49]
	at org.apache.catalina.core.StandardContextValve.invoke(StandardContextValve.java:88) ~[tomcat-embed-core-10.1.49.jar:10.1.49]
	at org.apache.catalina.authenticator.AuthenticatorBase.invoke(AuthenticatorBase.java:482) ~[tomcat-embed-core-10.1.49.jar:10.1.49]
	at org.apache.catalina.core.StandardHostValve.invoke(StandardHostValve.java:113) ~[tomcat-embed-core-10.1.49.jar:10.1.49]
	at org.apache.catalina.valves.ErrorReportValve.invoke(ErrorReportValve.java:83) ~[tomcat-embed-core-10.1.49.jar:10.1.49]
	at org.apache.catalina.core.StandardEngineValve.invoke(StandardEngineValve.java:72) ~[tomcat-embed-core-10.1.49.jar:10.1.49]
	at org.apache.catalina.connector.CoyoteAdapter.service(CoyoteAdapter.java:342) ~[tomcat-embed-core-10.1.49.jar:10.1.49]
	at org.apache.coyote.http11.Http11Processor.service(Http11Processor.java:399) ~[tomcat-embed-core-10.1.49.jar:10.1.49]
	at org.apache.coyote.AbstractProcessorLight.process(AbstractProcessorLight.java:63) ~[tomcat-embed-core-10.1.49.jar:10.1.49]
	at org.apache.coyote.AbstractProtocol$ConnectionHandler.process(AbstractProtocol.java:903) ~[tomcat-embed-core-10.1.49.jar:10.1.49]
	at org.apache.tomcat.util.net.NioEndpoint$SocketProcessor.doRun(NioEndpoint.java:1774) ~[tomcat-embed-core-10.1.49.jar:10.1.49]
	at org.apache.tomcat.util.net.SocketProcessorBase.run(SocketProcessorBase.java:52) ~[tomcat-embed-core-10.1.49.jar:10.1.49]
	at org.apache.tomcat.util.threads.ThreadPoolExecutor.runWorker(ThreadPoolExecutor.java:973) ~[tomcat-embed-core-10.1.49.jar:10.1.49]
	at org.apache.tomcat.util.threads.ThreadPoolExecutor$Worker.run(ThreadPoolExecutor.java:491) ~[tomcat-embed-core-10.1.49.jar:10.1.49]
	at org.apache.tomcat.util.threads.TaskThread$WrappingRunnable.run(TaskThread.java:63) ~[tomcat-embed-core-10.1.49.jar:10.1.49]
	at java.base/java.lang.Thread.run(Thread.java:1474) ~[na:na]

Hibernate: select co1_0.id,co1_0.capacity,co1_0.course_id,co1_0.created_at,co1_0.faculty_id,co1_0.section_code,co1_0.semester from course_offerings co1_0
Hibernate: select c1_0.id,c1_0.code,c1_0.created_at,c1_0.credits,c1_0.description,c1_0.title from courses c1_0 where c1_0.id=?
Hibernate: select f1_0.id,f1_0.created_at,f1_0.department,f1_0.email,f1_0.first_name,f1_0.is_active,f1_0.last_name,f1_0.phone,f1_0.updated_at from faculty f1_0 where f1_0.id=?
Hibernate: select count(se1_0.id) from student_enrollments se1_0 left join course_offerings o1_0 on o1_0.id=se1_0.offering_id where o1_0.id=? and se1_0.status=?
Hibernate: select f1_0.id,f1_0.created_at,f1_0.department,f1_0.email,f1_0.first_name,f1_0.is_active,f1_0.last_name,f1_0.phone,f1_0.updated_at from faculty f1_0 where f1_0.id=?
Hibernate: select count(se1_0.id) from student_enrollments se1_0 left join course_offerings o1_0 on o1_0.id=se1_0.offering_id where o1_0.id=? and se1_0.status=?
Hibernate: select c1_0.id,c1_0.code,c1_0.created_at,c1_0.credits,c1_0.description,c1_0.title from courses c1_0 where c1_0.id=?
Hibernate: select count(se1_0.id) from student_enrollments se1_0 left join course_offerings o1_0 on o1_0.id=se1_0.offering_id where o1_0.id=? and se1_0.status=?
Hibernate: select c1_0.id,c1_0.code,c1_0.created_at,c1_0.credits,c1_0.description,c1_0.title from courses c1_0 where c1_0.id=?
Hibernate: select count(se1_0.id) from student_enrollments se1_0 left join course_offerings o1_0 on o1_0.id=se1_0.offering_id where o1_0.id=? and se1_0.status=?
Hibernate: select f1_0.id,f1_0.created_at,f1_0.department,f1_0.email,f1_0.first_name,f1_0.is_active,f1_0.last_name,f1_0.phone,f1_0.updated_at from faculty f1_0 where f1_0.id=?
Hibernate: select count(se1_0.id) from student_enrollments se1_0 left join course_offerings o1_0 on o1_0.id=se1_0.offering_id where o1_0.id=? and se1_0.status=?
Hibernate: select c1_0.id,c1_0.code,c1_0.created_at,c1_0.credits,c1_0.description,c1_0.title from courses c1_0 where c1_0.id=?
Hibernate: select count(se1_0.id) from student_enrollments se1_0 left join course_offerings o1_0 on o1_0.id=se1_0.offering_id where o1_0.id=? and se1_0.status=?
Hibernate: select c1_0.id,c1_0.code,c1_0.created_at,c1_0.credits,c1_0.description,c1_0.title from courses c1_0 where c1_0.id=?
Hibernate: select f1_0.id,f1_0.created_at,f1_0.department,f1_0.email,f1_0.first_name,f1_0.is_active,f1_0.last_name,f1_0.phone,f1_0.updated_at from faculty f1_0 where f1_0.id=?
Hibernate: select count(se1_0.id) from student_enrollments se1_0 left join course_offerings o1_0 on o1_0.id=se1_0.offering_id where o1_0.id=? and se1_0.status=?
Hibernate: select f1_0.id,f1_0.created_at,f1_0.department,f1_0.email,f1_0.first_name,f1_0.is_active,f1_0.last_name,f1_0.phone,f1_0.updated_at from faculty f1_0 where f1_0.id=?
Hibernate: select count(se1_0.id) from student_enrollments se1_0 left join course_offerings o1_0 on o1_0.id=se1_0.offering_id where o1_0.id=? and se1_0.status=?
Hibernate: select c1_0.id,c1_0.code,c1_0.created_at,c1_0.credits,c1_0.description,c1_0.title from courses c1_0 where c1_0.id=?
Hibernate: select count(se1_0.id) from student_enrollments se1_0 left join course_offerings o1_0 on o1_0.id=se1_0.offering_id where o1_0.id=? and se1_0.status=?
Hibernate: select c1_0.id,c1_0.code,c1_0.created_at,c1_0.credits,c1_0.description,c1_0.title from courses c1_0 where c1_0.id=?
Hibernate: select f1_0.id,f1_0.created_at,f1_0.department,f1_0.email,f1_0.first_name,f1_0.is_active,f1_0.last_name,f1_0.phone,f1_0.updated_at from faculty f1_0 where f1_0.id=?
Hibernate: select count(se1_0.id) from student_enrollments se1_0 left join course_offerings o1_0 on o1_0.id=se1_0.offering_id where o1_0.id=? and se1_0.status=?
Hibernate: select c1_0.id,c1_0.code,c1_0.created_at,c1_0.credits,c1_0.description,c1_0.title from courses c1_0 where c1_0.id=?
Hibernate: select count(se1_0.id) from student_enrollments se1_0 left join course_offerings o1_0 on o1_0.id=se1_0.offering_id where o1_0.id=? and se1_0.status=?
Hibernate: select count(se1_0.id) from student_enrollments se1_0 left join course_offerings o1_0 on o1_0.id=se1_0.offering_id where o1_0.id=? and se1_0.status=?
Hibernate: select co1_0.id,co1_0.capacity,co1_0.course_id,co1_0.created_at,co1_0.faculty_id,co1_0.section_code,co1_0.semester from course_offerings co1_0
Hibernate: select c1_0.id,c1_0.code,c1_0.created_at,c1_0.credits,c1_0.description,c1_0.title from courses c1_0 where c1_0.id=?
Hibernate: select f1_0.id,f1_0.created_at,f1_0.department,f1_0.email,f1_0.first_name,f1_0.is_active,f1_0.last_name,f1_0.phone,f1_0.updated_at from faculty f1_0 where f1_0.id=?
Hibernate: select count(se1_0.id) from student_enrollments se1_0 left join course_offerings o1_0 on o1_0.id=se1_0.offering_id where o1_0.id=? and se1_0.status=?
Hibernate: select f1_0.id,f1_0.created_at,f1_0.department,f1_0.email,f1_0.first_name,f1_0.is_active,f1_0.last_name,f1_0.phone,f1_0.updated_at from faculty f1_0 where f1_0.id=?
Hibernate: select count(se1_0.id) from student_enrollments se1_0 left join course_offerings o1_0 on o1_0.id=se1_0.offering_id where o1_0.id=? and se1_0.status=?
Hibernate: select c1_0.id,c1_0.code,c1_0.created_at,c1_0.credits,c1_0.description,c1_0.title from courses c1_0 where c1_0.id=?
Hibernate: select count(se1_0.id) from student_enrollments se1_0 left join course_offerings o1_0 on o1_0.id=se1_0.offering_id where o1_0.id=? and se1_0.status=?
Hibernate: select c1_0.id,c1_0.code,c1_0.created_at,c1_0.credits,c1_0.description,c1_0.title from courses c1_0 where c1_0.id=?
Hibernate: select count(se1_0.id) from student_enrollments se1_0 left join course_offerings o1_0 on o1_0.id=se1_0.offering_id where o1_0.id=? and se1_0.status=?
Hibernate: select f1_0.id,f1_0.created_at,f1_0.department,f1_0.email,f1_0.first_name,f1_0.is_active,f1_0.last_name,f1_0.phone,f1_0.updated_at from faculty f1_0 where f1_0.id=?
Hibernate: select count(se1_0.id) from student_enrollments se1_0 left join course_offerings o1_0 on o1_0.id=se1_0.offering_id where o1_0.id=? and se1_0.status=?
Hibernate: select c1_0.id,c1_0.code,c1_0.created_at,c1_0.credits,c1_0.description,c1_0.title from courses c1_0 where c1_0.id=?
Hibernate: select count(se1_0.id) from student_enrollments se1_0 left join course_offerings o1_0 on o1_0.id=se1_0.offering_id where o1_0.id=? and se1_0.status=?
Hibernate: select c1_0.id,c1_0.code,c1_0.created_at,c1_0.credits,c1_0.description,c1_0.title from courses c1_0 where c1_0.id=?
Hibernate: select f1_0.id,f1_0.created_at,f1_0.department,f1_0.email,f1_0.first_name,f1_0.is_active,f1_0.last_name,f1_0.phone,f1_0.updated_at from faculty f1_0 where f1_0.id=?
Hibernate: select count(se1_0.id) from student_enrollments se1_0 left join course_offerings o1_0 on o1_0.id=se1_0.offering_id where o1_0.id=? and se1_0.status=?
Hibernate: select f1_0.id,f1_0.created_at,f1_0.department,f1_0.email,f1_0.first_name,f1_0.is_active,f1_0.last_name,f1_0.phone,f1_0.updated_at from faculty f1_0 where f1_0.id=?
Hibernate: select count(se1_0.id) from student_enrollments se1_0 left join course_offerings o1_0 on o1_0.id=se1_0.offering_id where o1_0.id=? and se1_0.status=?
Hibernate: select c1_0.id,c1_0.code,c1_0.created_at,c1_0.credits,c1_0.description,c1_0.title from courses c1_0 where c1_0.id=?
Hibernate: select count(se1_0.id) from student_enrollments se1_0 left join course_offerings o1_0 on o1_0.id=se1_0.offering_id where o1_0.id=? and se1_0.status=?
Hibernate: select c1_0.id,c1_0.code,c1_0.created_at,c1_0.credits,c1_0.description,c1_0.title from courses c1_0 where c1_0.id=?
Hibernate: select f1_0.id,f1_0.created_at,f1_0.department,f1_0.email,f1_0.first_name,f1_0.is_active,f1_0.last_name,f1_0.phone,f1_0.updated_at from faculty f1_0 where f1_0.id=?
Hibernate: select count(se1_0.id) from student_enrollments se1_0 left join course_offerings o1_0 on o1_0.id=se1_0.offering_id where o1_0.id=? and se1_0.status=?
Hibernate: select c1_0.id,c1_0.code,c1_0.created_at,c1_0.credits,c1_0.description,c1_0.title from courses c1_0 where c1_0.id=?
Hibernate: select count(se1_0.id) from student_enrollments se1_0 left join course_offerings o1_0 on o1_0.id=se1_0.offering_id where o1_0.id=? and se1_0.status=?
Hibernate: select count(se1_0.id) from student_enrollments se1_0 left join course_offerings o1_0 on o1_0.id=se1_0.offering_id where o1_0.id=? and se1_0.status=?
[INFO] ------------------------------------------------------------------------
[INFO] BUILD FAILURE
[INFO] ------------------------------------------------------------------------
[INFO] Total time:  06:11 min
[INFO] Finished at: 2025-11-28T01:42:06+05:30
[INFO] ------------------------------------------------------------------------
[ERROR] Failed to execute goal org.springframework.boot:spring-boot-maven-plugin:3.4.12:run (default-cli) on project smart-campus-backend: Process terminated with exit code: 137 -> [Help 1]
[ERROR] 
[ERROR] To see the full stack trace of the errors, re-run Maven with the -e switch.
[ERROR] Re-run Maven using the -X switch to enable full debug logging.
[ERROR] 
[ERROR] For more information about the errors and possible solutions, please read the following articles:
[ERROR] [Help 1] http://cwiki.apache.org/confluence/display/MAVEN/MojoExecutionException
